Height,Width,Has Bounding Box
600,400,1
375,500,1
394,500,1
450,313,1
500,465,1
500,351,1
600,363,0
500,375,1
1536,1024,1
500,448,1
500,404,1
282,450,1
192,288,1
400,319,1
500,402,1
490,500,1
640,425,1
640,423,1
500,367,1
333,500,1
500,401,1
333,500,1
300,297,1
335,500,1
267,400,1
242,233,1
300,278,1
500,333,1
333,500,1
500,359,1
500,423,1
266,400,1
500,375,1
333,500,1
245,280,1
333,500,1
311,320,1
500,333,1
700,496,1
500,440,1
333,500,1
333,500,1
1600,1200,1
500,333,1
500,333,1
335,500,1
500,333,1
461,500,1
500,433,1
500,461,1
500,359,1
800,577,1
333,500,1
500,375,1
500,375,1
477,422,1
500,363,1
350,233,1
424,500,1
500,263,1
500,426,1
581,371,1
500,348,1
500,375,1
500,375,1
305,201,1
500,335,1
500,375,1
640,480,1
500,328,1
500,353,1
300,223,1
313,310,1
400,272,1
300,300,1
275,411,1
1600,1200,1
768,712,1
400,267,1
317,246,1
600,234,1
400,467,1
214,320,1
400,400,1
263,360,1
335,500,1
400,353,1
198,320,1
500,375,1
400,300,1
378,300,1
300,225,1
400,352,1
297,300,1
300,224,1
300,176,1
300,225,1
177,300,1
300,225,1
190,300,1
600,473,0
400,383,0
300,225,0
300,225,0
229,300,0
240,300,0
300,279,0
208,278,0
500,375,0
241,300,0
240,240,0
224,300,0
300,225,0
300,225,0
241,244,0
207,300,0
500,373,0
300,225,0
300,248,0
300,225,0
225,300,0
225,300,0
300,225,0
300,225,0
300,256,0
277,300,0
800,600,0
335,500,0
500,369,0
400,286,0
1200,1600,0
600,869,0
335,500,0
300,400,0
1600,1200,0
450,300,0
250,202,0
480,360,0
1600,1200,0
335,500,0
1646,1278,0
335,500,0
990,962,0
190,168,0
335,500,0
500,335,0
299,448,0
335,500,0
200,150,0
335,500,0
728,597,0
500,335,0
500,442,0
275,275,0
250,188,0
375,500,0
335,500,0
414,500,0
500,335,0
1000,842,0
500,335,0
150,116,0
400,267,0
320,480,0
366,282,0
335,500,0
335,500,0
250,266,0
335,500,0
833,539,0
335,500,0
400,267,0
335,500,0
275,380,0
288,500,0
500,375,0
300,450,0
400,300,0
500,335,0
1280,800,0
500,375,0
331,449,0
393,500,0
266,400,0
500,449,0
333,500,0
400,300,0
500,357,0
500,400,0
450,385,0
401,500,0
260,262,0
400,500,0
500,375,0
375,500,0
375,500,0
375,500,0
375,500,0
500,386,0
450,299,0
500,334,1
500,333,1
500,334,1
334,500,1
375,500,1
500,332,1
500,332,1
325,500,1
376,500,1
375,500,1
335,500,1
500,375,1
500,441,1
500,333,1
333,500,1
500,333,1
500,375,1
500,333,1
375,500,1
375,500,1
375,500,1
334,500,1
500,333,1
500,334,1
500,333,1
500,333,1
332,500,1
375,500,1
500,465,1
353,500,1
500,334,1
500,281,1
382,500,1
500,333,1
420,500,1
500,376,1
375,500,1
500,334,1
500,334,1
500,334,1
333,500,1
500,333,1
333,500,1
334,500,1
500,376,1
500,333,1
333,500,1
333,500,1
500,333,1
500,375,1
375,500,1
500,333,1
500,375,1
375,500,1
334,500,1
500,334,1
500,334,1
500,334,1
500,384,1
500,333,1
500,334,1
500,333,1
500,375,1
375,500,1
500,375,1
500,375,1
500,333,1
394,500,1
375,500,1
500,333,1
500,333,1
291,331,1
500,333,1
500,327,1
500,334,1
500,334,1
500,374,1
500,334,1
500,334,1
500,375,1
500,333,1
500,333,1
500,333,1
375,500,1
500,333,1
500,500,1
334,500,1
500,333,1
500,375,1
500,333,1
500,406,1
500,335,1
461,500,1
500,323,1
500,335,1
500,338,1
500,334,1
500,333,0
376,500,0
500,319,1
500,335,1
412,500,1
334,500,0
500,335,0
500,335,0
500,334,0
446,500,0
334,500,0
500,335,0
500,376,0
420,500,0
500,335,0
500,434,0
449,500,0
334,500,0
500,335,0
500,317,0
500,333,0
500,333,0
334,500,0
334,500,0
500,334,0
376,500,0
334,500,0
334,500,0
500,287,0
334,500,0
351,500,0
376,500,0
334,500,0
334,500,0
500,375,0
334,500,0
500,343,0
359,500,0
500,375,0
500,375,0
500,375,0
500,375,0
500,403,0
334,500,0
333,500,0
333,500,0
376,500,0
500,376,0
376,500,0
375,500,0
334,500,0
500,333,0
365,500,0
333,500,0
334,500,0
334,500,0
332,500,0
500,334,0
500,334,0
500,376,0
500,376,0
500,376,0
500,333,0
375,500,0
500,376,0
500,376,0
500,333,0
500,334,0
500,333,0
500,400,0
400,500,0
333,500,0
500,376,0
375,500,0
334,500,0
375,500,0
332,500,0
375,500,0
500,333,0
500,333,0
500,333,0
500,396,0
500,333,0
500,333,0
500,375,0
334,500,0
375,500,0
500,376,0
500,376,0
376,500,0
500,376,0
500,336,0
500,334,0
375,500,0
500,333,0
335,500,0
335,500,0
500,332,0
500,332,0
500,337,0
500,333,0
375,500,0
333,500,0
500,333,0
500,368,1
333,500,1
397,500,1
350,383,1
500,333,1
500,333,1
333,500,1
333,500,1
333,500,1
500,333,1
246,300,1
375,500,1
263,300,1
300,225,1
300,225,1
164,300,1
300,246,1
191,300,1
300,199,1
300,199,1
300,199,1
300,225,1
342,500,1
300,292,1
299,300,1
300,246,1
243,300,1
225,300,1
300,225,1
119,200,1
300,225,1
202,300,1
214,300,1
375,500,1
237,300,1
300,257,1
228,300,1
230,300,1
300,252,1
300,225,1
300,225,1
300,225,1
237,300,1
300,219,1
500,475,1
300,291,1
225,300,1
300,222,1
290,300,1
300,174,1
300,225,1
246,300,1
300,225,1
300,225,1
224,300,1
375,500,1
225,300,1
300,294,1
236,300,1
300,230,1
300,226,1
300,225,1
215,216,1
267,300,1
190,300,1
291,300,1
500,333,1
300,280,1
258,300,1
300,225,1
300,225,1
225,300,1
300,225,1
300,225,1
239,300,1
288,300,1
300,225,1
500,333,1
300,291,1
300,240,1
239,300,1
300,225,1
223,300,1
223,300,1
300,240,1
300,225,1
300,225,1
216,300,1
375,500,1
300,245,1
300,300,1
300,224,1
225,300,1
199,300,1
300,276,1
300,225,1
300,300,1
300,225,1
300,229,1
333,500,0
300,225,1
300,300,0
234,300,0
225,300,0
300,225,0
291,300,0
300,257,0
250,269,0
300,225,0
300,225,0
500,333,0
491,434,0
300,257,0
199,300,0
300,225,0
225,300,0
300,207,0
500,379,0
500,332,0
417,500,0
500,401,0
500,332,0
500,332,0
500,357,0
500,333,0
500,379,0
375,500,0
500,414,0
500,489,0
500,375,0
500,379,0
375,500,0
500,374,0
500,332,0
500,379,0
500,332,0
332,500,0
500,460,0
500,363,0
375,500,0
500,334,0
500,333,0
333,500,0
375,500,0
500,387,0
500,375,0
456,462,0
375,500,0
375,500,0
500,375,0
500,375,0
500,375,0
337,500,0
500,335,0
334,500,0
375,500,0
375,500,0
500,375,0
258,258,0
500,334,0
500,333,0
333,500,0
500,333,0
500,375,0
500,347,0
375,500,0
500,334,0
500,375,0
500,334,0
375,500,0
500,375,0
500,375,0
500,375,0
500,375,0
375,500,0
500,375,0
500,375,0
500,375,0
374,500,0
333,500,0
500,333,0
500,333,0
500,354,0
500,379,0
375,500,0
500,333,0
336,500,0
500,283,0
500,333,0
337,500,0
500,334,0
500,333,0
335,500,0
500,333,0
299,500,0
375,500,0
500,375,0
333,500,0
500,379,0
500,333,0
500,375,1
500,357,1
500,343,1
500,332,1
500,327,1
500,327,1
375,500,1
500,357,1
375,500,1
380,500,1
375,500,1
375,500,1
333,500,1
500,332,1
374,500,1
500,332,1
500,332,1
500,332,1
500,375,1
500,333,1
500,332,1
500,375,1
375,500,1
500,332,1
500,332,1
333,500,1
500,333,1
500,333,1
500,333,1
500,333,1
500,375,1
333,500,1
333,500,1
375,500,1
500,375,1
500,375,1
375,500,1
500,393,1
500,375,1
500,299,1
500,375,1
500,375,1
400,500,1
500,335,1
500,333,1
500,333,1
500,333,1
500,333,1
500,333,1
500,333,1
500,333,1
500,333,1
500,333,1
500,380,1
288,360,1
500,332,1
500,333,1
288,288,1
333,500,1
500,375,1
500,361,1
500,333,1
500,333,1
333,500,1
500,333,1
333,500,1
333,500,1
500,333,1
500,333,1
500,333,1
500,333,1
500,333,1
500,375,1
500,333,1
500,333,1
500,333,1
500,333,1
500,333,1
500,333,1
500,333,1
500,333,1
500,333,1
333,500,1
500,333,1
500,375,1
500,331,1
500,375,1
500,375,1
500,375,1
500,375,1
500,375,1
357,500,1
500,333,1
334,500,1
500,333,1
500,333,1
403,500,1
500,375,1
500,338,1
375,500,0
500,375,1
500,375,0
500,322,0
500,332,0
333,500,0
333,500,0
500,333,0
500,402,0
333,500,0
500,332,0
500,333,0
500,375,0
500,333,0
500,333,0
500,500,0
500,500,0
500,333,0
434,500,0
334,500,0
500,447,0
500,329,0
500,356,0
500,481,0
500,332,0
375,500,0
500,350,0
415,500,0
375,500,0
333,500,0
500,333,0
375,500,0
332,500,0
500,333,0
334,500,0
500,333,0
332,500,0
375,500,0
333,500,0
500,375,0
375,500,0
500,375,0
332,500,0
375,500,0
500,375,0
500,375,0
500,332,0
333,500,0
500,313,0
500,500,0
500,375,0
500,375,0
500,331,0
500,331,0
500,375,0
375,500,0
500,332,0
500,332,0
500,332,0
500,332,0
500,333,0
400,500,0
500,403,0
500,336,0
500,333,0
500,375,0
332,500,0
500,332,0
500,375,0
500,333,0
333,500,0
375,500,0
500,445,0
500,383,0
500,444,0
500,375,0
416,500,0
500,375,0
500,332,0
333,500,0
362,500,0
500,400,0
500,333,0
500,375,0
500,375,0
500,346,0
348,500,0
500,333,0
401,500,0
500,375,0
500,333,0
500,341,0
332,500,0
500,333,0
500,333,0
500,333,0
500,333,0
500,332,0
473,500,0
500,498,0
500,400,0
500,334,1
333,500,1
500,334,1
333,500,1
500,334,1
500,333,1
500,395,1
500,361,1
333,500,1
500,329,1
437,500,1
500,333,1
333,500,1
333,500,1
424,500,1
500,343,1
500,334,1
500,332,1
500,336,1
456,500,1
500,333,1
333,500,1
500,375,1
500,333,1
500,375,1
500,333,1
500,333,1
352,500,1
329,500,1
500,333,1
332,500,1
500,375,1
500,375,1
500,375,1
500,375,1
500,334,1
360,240,1
500,375,1
500,375,1
500,375,1
375,500,1
334,500,1
500,375,1
334,500,1
500,334,1
500,500,1
500,375,1
334,500,1
500,281,1
500,335,1
500,333,1
500,333,1
500,334,1
500,361,1
500,374,1
500,375,1
500,378,1
332,500,1
500,380,1
500,334,1
453,500,1
500,375,1
361,500,1
500,375,1
500,333,1
500,281,1
500,375,1
500,375,1
500,375,1
500,375,1
500,375,1
500,375,1
500,375,1
333,500,1
500,375,1
500,375,1
500,375,1
352,288,1
500,375,1
500,375,1
379,500,1
500,375,1
500,375,1
494,500,1
336,500,1
500,333,1
500,334,1
500,333,1
500,400,1
500,375,1
334,500,1
500,334,1
334,500,1
333,500,1
345,500,1
500,334,0
500,290,1
333,500,1
500,334,1
500,375,1
500,333,1
335,500,0
375,500,0
500,333,0
334,500,0
500,333,0
500,332,0
500,391,0
500,333,0
500,400,0
500,333,0
500,333,0
500,309,0
500,318,0
500,335,0
500,335,0
500,314,0
500,375,0
500,333,0
334,500,0
333,500,0
500,331,0
500,335,0
333,500,0
500,449,0
500,333,0
500,309,0
500,396,0
500,333,0
333,500,0
408,500,0
500,379,0
500,375,0
500,335,0
500,375,0
500,333,0
500,400,0
500,375,0
500,333,0
500,333,0
500,328,0
500,391,0
500,365,0
500,428,0
500,375,0
500,335,0
500,333,0
500,280,0
500,280,0
500,333,0
335,500,0
500,333,0
334,500,0
334,500,0
334,500,0
500,385,0
334,500,0
500,333,0
500,334,0
500,375,0
374,500,0
500,333,0
357,500,0
500,375,0
500,500,0
500,249,0
500,375,0
500,294,0
500,334,0
500,333,0
500,381,0
500,375,0
500,333,0
333,500,0
500,334,0
500,334,0
500,333,0
475,500,0
453,500,0
375,500,0
375,500,0
500,375,0
500,334,0
500,355,0
500,334,0
500,334,0
500,334,0
500,333,0
357,500,0
335,500,0
500,375,0
500,375,0
500,333,0
500,334,0
500,487,0
500,375,0
500,317,0
500,442,0
375,500,0
600,901,0
500,375,1
500,333,1
500,455,1
334,500,1
500,371,1
500,463,1
500,466,1
500,320,1
500,335,1
500,375,1
500,334,1
500,336,1
500,332,1
500,433,0
500,436,1
500,500,1
500,375,1
333,500,1
500,230,1
500,332,1
375,500,1
356,500,1
500,335,1
500,375,1
500,375,1
500,333,1
500,335,1
500,371,1
500,332,1
500,374,1
500,372,1
500,334,1
500,281,1
500,256,1
500,375,1
300,202,1
300,300,1
300,200,1
300,225,1
300,145,1
300,200,1
300,225,1
300,297,1
300,225,1
500,333,1
300,163,1
300,263,1
300,225,1
300,225,1
300,225,1
300,225,1
200,200,1
225,300,1
300,200,1
300,225,1
500,333,1
200,179,1
300,225,1
300,225,1
300,225,1
200,300,1
225,300,1
300,263,1
262,246,1
300,225,1
300,225,1
500,333,1
296,300,1
300,225,1
300,225,1
300,225,1
300,225,1
277,300,1
225,300,1
300,225,1
300,225,1
300,225,1
500,375,1
225,300,1
300,225,1
300,269,1
300,182,1
271,300,1
300,181,0
300,225,1
225,300,1
300,225,1
300,225,1
500,333,1
300,238,1
625,566,1
350,300,1
398,306,1
700,475,1
470,300,1
387,258,1
450,325,1
320,240,1
500,500,0
668,500,1
500,375,1
301,233,0
289,288,0
210,240,0
368,276,0
399,313,0
300,206,0
366,370,0
247,204,0
600,505,0
458,500,0
640,616,0
250,166,0
500,333,0
375,500,0
500,290,0
500,375,0
500,364,0
500,333,0
500,500,0
333,500,0
500,500,0
500,412,0
333,500,0
500,333,0
500,333,0
500,400,0
500,357,0
500,375,0
500,375,0
500,375,0
500,333,0
500,324,0
500,375,0
500,500,0
500,500,0
500,359,0
500,357,0
500,375,0
500,375,0
500,375,0
500,375,0
500,333,0
500,333,0
500,327,0
375,500,0
500,333,0
500,333,0
500,333,0
500,280,0
500,333,0
500,375,0
500,374,0
500,333,0
500,375,0
500,281,0
500,333,0
500,373,0
500,334,0
500,375,0
500,375,0
500,333,0
500,375,0
375,500,0
500,375,0
375,500,0
500,312,0
375,500,0
500,377,0
375,500,0
500,375,0
500,400,0
358,500,0
500,377,0
500,375,0
500,333,0
500,387,0
500,333,0
500,500,0
500,332,0
500,500,0
500,375,0
408,500,0
500,434,0
316,500,0
500,375,0
500,335,0
333,500,0
500,333,0
500,333,0
500,333,0
375,500,0
500,375,0
500,322,0
500,375,0
500,375,0
500,374,0
333,500,0
500,401,0
375,500,0
500,330,1
500,334,1
500,375,1
332,500,1
500,335,1
357,500,1
500,333,1
500,375,1
500,334,1
500,393,1
355,500,1
500,375,1
500,375,1
500,333,1
500,375,1
500,376,1
500,376,1
500,358,1
333,500,1
500,383,1
375,500,1
500,375,1
500,334,1
500,375,1
500,333,1
500,334,1
500,333,1
500,333,1
334,500,1
334,500,1
500,375,1
500,375,1
500,375,1
500,333,1
500,344,1
500,332,1
500,343,1
500,375,1
375,500,1
375,500,1
500,379,1
500,333,1
332,500,1
362,500,1
375,500,1
500,333,1
500,333,1
500,333,1
500,333,1
500,375,1
500,375,1
500,375,1
500,332,1
500,320,1
332,500,1
281,500,1
500,335,1
375,500,1
500,339,1
500,407,1
375,500,1
500,333,1
500,375,1
500,500,1
362,500,1
500,333,1
500,333,1
500,334,1
500,335,1
334,500,1
500,334,1
352,319,1
500,375,1
500,333,1
500,375,1
500,333,1
333,500,1
359,500,1
500,332,1
400,500,1
500,375,1
500,333,1
500,375,1
500,334,1
500,333,1
500,375,1
375,500,1
500,375,1
500,408,1
500,375,1
500,333,1
500,333,1
500,333,1
500,375,1
500,334,1
500,333,1
500,334,1
334,500,1
500,334,1
500,333,0
500,333,1
500,333,0
500,334,0
500,333,0
500,333,0
600,384,0
679,510,0
600,400,0
500,333,0
500,334,0
500,339,0
374,480,0
600,400,0
500,333,0
500,314,0
500,312,0
333,500,0
500,333,0
334,500,0
334,500,0
500,375,0
478,500,0
500,375,0
402,500,0
398,500,0
500,444,0
500,375,0
500,333,0
500,332,0
500,375,0
375,500,0
500,375,0
500,375,0
375,500,0
500,375,0
500,332,0
330,500,0
340,500,0
500,375,0
500,375,0
500,482,0
500,333,0
500,333,0
500,336,0
500,335,0
500,375,0
500,451,0
500,375,0
431,500,0
323,448,0
301,309,0
500,375,0
500,375,0
375,500,0
500,357,0
500,334,0
500,333,0
500,333,0
500,333,0
375,500,0
500,375,0
500,333,0
500,375,0
500,335,0
500,500,0
500,500,0
500,375,0
500,333,0
500,375,0
500,375,0
500,375,0
358,500,0
500,439,0
500,375,0
500,375,0
333,500,0
500,334,0
375,500,0
500,400,0
448,324,0
448,324,0
500,332,0
500,333,0
500,333,0
500,333,0
500,375,0
500,375,0
500,333,0
500,375,0
500,333,0
500,293,0
500,375,0
500,328,0
500,334,0
333,500,0
500,333,0
500,332,0
290,370,0
444,374,0
183,275,1
500,375,1
300,284,1
450,320,1
300,225,1
114,143,1
167,250,1
750,498,1
167,250,1
300,225,1
400,267,1
292,208,1
300,284,1
750,1125,1
604,453,1
190,168,1
473,568,1
500,330,1
600,428,1
205,320,1
300,225,1
300,157,1
375,500,1
500,417,1
140,134,1
300,209,1
500,375,1
360,269,1
448,300,1
297,225,1
234,350,1
600,870,1
438,590,1
320,240,1
310,271,1
300,293,1
600,450,1
360,305,1
290,344,1
577,384,1
200,182,1
500,375,1
909,600,1
450,297,1
200,172,1
1725,1600,1
333,500,1
500,385,1
321,250,1
500,337,1
220,165,1
500,375,1
260,248,1
200,182,1
800,600,1
640,439,1
400,290,1
350,467,1
300,200,1
500,359,1
704,849,1
500,479,1
184,250,1
500,343,1
174,175,1
500,375,1
360,308,1
415,500,1
297,300,1
600,600,1
500,486,1
500,375,1
500,333,1
519,287,1
144,108,1
428,438,1
334,500,1
404,500,1
1152,864,1
438,500,1
157,202,1
480,406,1
415,500,1
254,380,1
373,286,1
300,225,1
455,303,1
500,333,1
500,425,1
300,225,1
250,292,1
300,225,1
297,300,1
420,315,1
300,225,1
300,225,1
300,284,1
300,225,1
300,282,1
300,225,1
275,196,0
500,334,0
275,300,0
200,300,0
300,225,0
300,225,0
300,224,0
229,240,0
292,208,0
300,225,0
300,157,0
225,225,0
300,209,0
285,300,0
300,218,0
300,225,0
300,293,0
300,225,0
297,225,0
434,316,0
500,340,0
512,560,0
400,300,0
500,375,0
500,375,0
1600,1200,0
350,250,0
500,375,0
307,380,0
300,282,0
384,397,0
500,367,0
500,375,0
200,200,0
350,249,0
500,375,0
600,740,0
500,375,0
1024,768,0
500,375,0
696,526,0
615,470,0
500,375,0
500,333,0
334,431,0
324,306,0
600,853,0
400,382,0
500,375,0
220,220,0
375,500,0
250,205,0
500,375,0
536,382,0
500,375,0
500,375,0
600,480,0
500,281,0
500,375,0
500,375,0
500,375,0
300,197,0
387,281,0
500,375,0
375,500,0
500,375,0
300,225,0
500,333,0
137,103,0
400,300,0
375,500,0
500,375,0
500,375,0
240,270,0
300,225,0
536,370,0
500,375,0
600,456,0
500,246,0
175,186,0
243,250,0
240,180,0
300,225,0
300,209,0
275,300,0
402,298,0
500,375,0
200,150,0
333,500,0
500,333,0
500,375,0
500,375,0
200,300,0
352,300,0
500,375,0
375,500,0
500,375,0
450,342,0
242,320,0
300,225,0
500,333,0
500,375,1
500,332,1
446,500,1
500,375,1
500,375,1
500,375,1
500,375,1
500,375,1
417,500,1
375,500,1
375,500,1
375,500,1
375,500,1
500,333,1
500,333,1
332,500,1
354,500,1
500,375,1
500,346,1
500,333,1
500,375,1
500,333,1
500,375,1
500,333,1
500,333,1
500,333,1
500,333,1
500,333,1
500,333,1
500,309,1
500,333,1
500,333,1
500,333,1
333,500,1
500,375,1
333,500,1
500,309,1
500,368,1
375,500,1
500,375,1
375,500,1
500,375,1
375,500,1
500,375,1
500,333,1
500,375,1
500,309,1
500,375,1
500,375,1
500,375,1
334,500,1
500,333,1
500,375,1
500,333,1
500,375,1
500,333,1
500,375,1
500,333,1
375,500,1
500,300,1
333,500,1
500,333,1
358,500,1
333,500,1
333,500,1
500,335,1
357,500,1
394,491,1
500,385,1
400,500,1
500,375,1
500,333,1
334,500,1
334,500,1
500,328,1
500,334,1
500,333,1
400,500,1
333,500,1
500,333,1
400,500,1
375,500,1
500,333,1
500,333,1
500,323,1
500,333,1
500,333,1
500,333,1
500,333,1
500,333,1
500,333,1
500,435,1
500,375,1
500,291,1
500,281,1
500,281,1
500,334,1
500,332,1
386,500,1
375,500,0
500,333,1
387,500,0
500,375,0
333,500,0
500,375,0
500,375,0
500,363,0
500,375,0
500,375,0
500,375,0
500,334,0
375,500,0
500,375,0
500,333,0
500,333,0
419,500,0
500,375,0
375,500,0
500,332,0
395,500,0
333,500,0
500,319,0
500,375,0
500,375,0
448,500,0
500,333,0
500,333,0
500,333,0
500,361,0
333,500,0
500,334,0
333,500,0
333,500,0
500,333,0
333,500,0
400,500,0
333,500,0
495,500,0
500,370,0
500,331,0
500,309,0
500,333,0
375,500,0
500,386,0
500,333,0
333,500,0
500,333,0
500,333,0
500,418,0
500,464,0
500,431,0
500,441,0
337,500,0
375,500,0
333,500,0
500,333,0
500,375,0
375,500,0
316,500,0
333,500,0
500,500,0
500,308,0
500,495,0
500,417,0
500,335,0
500,335,0
500,476,0
500,335,0
334,500,0
500,309,0
494,500,0
479,500,0
500,375,0
438,500,0
500,336,0
500,375,0
500,375,0
333,500,0
379,500,0
500,333,0
354,500,0
500,333,0
500,333,0
500,333,0
500,375,0
500,375,0
500,333,0
500,333,0
372,500,0
500,333,0
375,500,0
500,410,0
333,500,0
500,375,0
500,375,0
500,470,0
500,500,0
500,347,0
332,500,0
233,350,1
500,332,1
500,333,1
500,333,1
500,333,1
333,500,1
500,333,1
500,375,1
500,333,1
333,500,1
500,375,1
500,333,1
375,500,1
500,375,1
457,500,1
328,500,1
423,500,1
500,500,1
500,375,1
333,500,1
500,375,1
500,375,1
375,500,1
500,346,1
500,375,1
500,375,1
500,334,1
354,500,1
322,500,1
332,500,1
375,500,1
500,333,1
500,335,1
500,375,1
465,500,1
333,500,1
333,500,1
500,444,1
500,333,1
438,500,1
500,375,1
375,500,1
500,281,1
500,375,1
600,434,1
500,375,1
500,335,1
500,332,1
375,500,1
500,333,1
375,500,1
500,332,1
500,333,1
375,500,1
500,333,1
333,500,1
500,335,1
500,365,1
500,375,1
500,332,1
333,500,1
500,350,1
333,500,1
500,333,1
500,332,1
500,342,1
500,335,1
500,332,1
500,375,1
500,375,1
500,375,1
500,333,1
500,336,1
500,375,1
500,332,1
333,500,1
333,500,1
427,500,1
375,500,1
500,416,1
500,334,1
500,375,1
332,500,1
335,500,1
425,500,1
500,332,1
500,332,1
500,375,1
333,500,1
500,375,1
500,375,1
500,375,1
247,275,0
500,332,1
500,375,1
500,375,1
500,333,1
385,500,1
500,375,1
500,419,1
343,500,0
500,333,1
487,500,0
500,375,0
300,268,0
361,500,0
300,225,0
300,226,0
300,257,0
300,225,0
293,300,0
500,402,0
300,225,0
500,354,0
225,300,0
762,571,0
300,259,0
533,400,0
400,531,0
512,544,0
375,500,0
300,225,0
636,477,0
380,252,0
400,460,0
400,267,0
1200,849,0
206,243,0
479,385,0
500,333,0
500,357,0
500,334,0
275,196,0
375,500,0
500,333,0
500,469,0
398,500,0
500,375,0
500,333,0
500,375,0
500,375,0
500,456,0
500,332,0
333,500,0
500,333,0
333,500,0
411,500,0
500,333,0
500,373,0
500,333,0
333,500,0
333,500,0
500,333,0
333,500,0
500,500,0
500,333,0
405,500,0
500,334,0
500,375,0
375,500,0
375,500,0
500,333,0
275,196,0
500,375,0
375,500,0
500,333,0
500,333,0
500,333,0
500,335,0
500,333,0
373,500,0
500,333,0
500,334,0
500,333,0
333,500,0
500,387,0
500,335,0
500,375,0
339,500,0
500,333,0
229,320,0
500,375,0
500,333,0
500,375,0
500,333,0
500,333,0
500,382,0
500,375,0
416,500,0
298,224,0
352,500,0
500,335,0
500,335,0
500,359,0
500,375,0
500,332,0
335,500,0
500,375,0
354,500,0
500,333,0
333,500,0
500,333,1
500,375,1
500,334,1
333,500,1
375,500,1
300,200,1
205,300,1
300,225,1
300,225,1
265,300,1
300,225,1
500,500,1
300,225,1
288,300,1
225,300,1
300,225,1
300,220,1
300,279,1
219,300,1
300,212,1
300,289,1
212,300,1
500,375,1
300,225,1
250,245,1
300,225,1
300,200,1
300,225,1
290,300,1
300,225,1
300,225,1
300,225,1
273,300,1
480,500,1
300,225,1
300,173,1
300,225,1
300,225,1
225,300,1
154,200,1
200,182,1
205,300,1
300,225,1
283,300,1
492,500,1
300,290,1
231,300,1
221,300,1
202,300,1
300,230,1
300,200,1
300,225,1
280,300,1
300,258,1
300,286,1
372,500,1
287,300,1
239,300,1
300,225,1
300,225,1
300,225,1
225,300,1
300,225,1
117,200,1
289,300,1
300,287,1
405,500,1
225,300,1
199,300,1
300,200,1
300,225,1
214,300,1
300,224,1
300,225,1
300,240,1
248,300,1
300,225,1
500,281,1
300,225,1
300,280,1
300,222,1
300,281,1
274,300,1
300,225,1
300,284,1
300,225,1
300,225,1
300,225,1
355,500,1
218,300,1
300,288,1
300,224,1
288,300,1
204,300,1
300,218,1
300,234,1
200,300,1
202,300,1
300,200,1
500,467,0
300,199,1
300,225,0
300,225,0
300,252,0
273,300,0
300,225,0
300,298,0
200,300,0
300,226,0
300,225,0
500,333,0
500,375,0
300,225,0
342,500,0
500,375,0
500,375,0
500,375,0
500,375,0
500,333,0
375,500,0
500,333,0
332,500,0
333,500,0
333,500,0
333,500,0
375,500,0
333,500,0
500,333,0
333,500,0
500,332,0
333,500,0
500,500,0
500,332,0
500,375,0
500,332,0
500,333,0
300,500,0
333,500,0
500,333,0
500,333,0
331,500,0
500,333,0
500,357,0
500,396,0
500,375,0
500,333,0
332,500,0
500,333,0
493,432,0
500,333,0
333,500,0
333,500,0
500,334,0
500,333,0
500,333,0
500,333,0
500,375,0
500,500,0
335,500,0
375,500,0
400,417,0
489,500,0
333,500,0
500,333,0
429,500,0
500,500,0
500,357,0
500,333,0
500,333,0
500,376,0
500,332,0
500,332,0
500,375,0
368,500,0
333,500,0
333,500,0
500,375,0
333,500,0
500,375,0
333,500,0
500,332,0
500,333,0
500,389,0
333,500,0
500,382,0
500,332,0
333,500,0
500,445,0
500,500,0
500,333,0
333,500,0
332,500,0
500,375,0
500,375,0
375,500,0
375,500,0
332,500,0
334,500,0
374,500,0
250,175,0
600,715,1
300,163,1
480,360,1
576,384,1
334,500,1
191,188,1
450,427,1
400,280,1
250,357,1
375,500,1
180,250,1
334,500,1
240,194,1
409,258,1
500,375,1
636,477,1
200,150,1
386,417,1
450,354,1
375,500,1
225,225,1
190,168,1
354,370,1
1024,768,1
500,375,1
150,112,1
400,398,1
330,300,1
300,267,1
321,383,1
200,314,1
225,300,1
299,325,1
334,500,1
500,374,1
300,240,1
380,253,1
400,300,1
400,420,1
246,280,1
448,336,1
350,250,0
582,800,0
500,375,1
500,332,1
360,270,1
381,339,1
366,550,1
216,188,0
512,576,1
249,202,1
500,332,1
200,150,1
500,334,1
240,180,1
450,483,1
480,360,1
332,317,1
375,500,1
500,333,1
400,265,0
330,500,1
241,200,1
720,482,1
480,360,1
3264,2448,1
500,330,1
448,336,1
2560,1920,1
183,275,0
300,245,1
450,373,1
240,180,1
500,333,1
280,210,1
525,700,1
272,180,1
360,270,1
246,175,0
500,375,1
1024,768,1
500,403,1
400,300,1
650,433,1
1999,1499,1
600,715,1
250,188,1
240,240,1
183,275,0
1138,1734,1
502,376,1
360,410,1
263,385,0
500,354,1
300,214,0
260,388,1
400,244,1
400,290,1
700,560,1
1886,2606,1
200,157,1
335,500,0
500,333,0
200,289,0
1440,2160,0
227,223,0
300,240,0
300,235,0
300,226,0
300,263,0
500,333,0
300,224,0
300,243,0
225,300,0
300,225,0
267,300,0
600,800,0
448,336,0
500,333,0
600,434,0
500,332,0
380,253,0
194,259,0
360,286,0
500,331,0
500,406,0
384,288,0
375,500,0
500,375,0
600,382,0
183,275,0
200,200,0
531,593,0
901,559,0
260,236,0
500,394,0
190,285,0
310,271,0
200,195,0
500,335,0
300,224,0
270,392,0
500,375,0
250,125,0
338,450,0
576,384,0
334,500,0
335,500,0
500,357,0
225,184,0
636,477,0
500,332,0
200,200,0
400,267,0
244,174,0
400,318,0
500,445,0
500,408,0
400,600,0
183,275,0
400,298,0
500,500,0
375,500,0
500,375,0
500,333,0
294,478,0
335,500,0
350,250,0
500,329,0
360,286,0
500,333,0
375,500,0
500,400,0
230,240,0
338,303,0
200,192,0
250,500,0
600,403,0
500,500,0
422,500,0
329,500,0
230,239,0
250,483,0
300,453,0
550,352,0
600,393,0
320,240,0
225,169,0
600,437,0
263,380,0
325,299,0
280,367,0
276,207,0
189,135,0
309,360,0
337,450,0
400,600,0
300,240,0
400,300,0
333,500,0
333,500,1
500,375,1
375,500,1
500,375,1
500,381,1
500,447,1
484,500,1
500,333,1
500,380,1
375,500,1
333,500,1
500,375,1
333,500,1
426,320,1
369,500,1
500,334,1
500,375,1
500,333,1
500,375,1
281,500,1
500,281,1
500,362,1
500,333,1
500,375,1
500,375,1
375,500,1
403,302,1
375,500,1
500,375,1
375,500,1
500,375,1
500,375,1
281,500,1
333,500,1
500,333,1
500,333,1
358,500,1
357,500,1
333,500,1
500,313,1
332,500,1
500,375,1
375,500,1
500,333,1
500,333,1
401,500,1
333,500,1
500,417,1
500,375,1
340,500,1
391,500,1
500,335,1
500,335,1
500,281,1
500,375,1
500,333,1
402,500,1
327,500,1
368,500,1
500,281,1
500,375,1
500,375,1
500,375,1
500,485,1
372,500,1
330,500,1
375,500,1
413,500,1
338,500,1
327,500,1
368,500,1
500,375,1
500,375,1
500,375,1
500,375,1
500,375,1
500,375,1
375,500,1
500,334,1
500,333,1
500,362,1
500,375,1
352,500,1
500,369,1
500,393,1
500,500,1
333,500,1
500,393,1
392,500,1
500,391,1
362,500,1
500,443,1
373,451,1
500,375,1
500,375,1
500,500,1
500,375,1
375,500,1
500,375,1
500,456,0
500,375,1
500,375,0
375,500,0
500,375,0
500,375,0
500,375,0
500,375,0
500,281,0
281,500,0
500,281,0
500,389,0
375,500,0
500,341,0
500,375,0
281,500,0
333,500,0
333,500,0
333,500,0
500,333,0
500,333,0
500,333,0
333,500,0
500,375,0
500,375,0
500,343,0
333,500,0
500,333,0
333,500,0
500,333,0
500,333,0
333,500,0
333,500,0
375,500,0
500,333,0
500,375,0
500,333,0
500,333,0
500,332,0
500,333,0
333,500,0
456,500,0
333,500,0
500,333,0
500,333,0
500,375,0
500,336,0
500,334,0
353,500,0
500,480,0
500,333,0
500,375,0
500,333,0
500,333,0
500,333,0
500,340,0
377,500,0
333,500,0
333,500,0
333,500,0
500,281,0
333,500,0
413,500,0
396,500,0
375,500,0
333,500,0
294,500,0
356,500,0
372,500,0
498,500,0
500,375,0
500,375,0
500,375,0
375,500,0
333,500,0
500,375,0
500,500,0
500,332,0
500,333,0
332,500,0
283,500,0
396,500,0
500,333,0
500,333,0
500,333,0
375,500,0
338,500,0
375,500,0
334,500,0
333,500,0
375,500,0
500,333,0
375,500,0
333,500,0
333,500,0
451,500,0
500,420,0
500,335,0
375,500,0
500,281,0
266,500,0
375,500,1
334,500,1
333,500,1
333,500,1
333,500,1
409,500,1
375,500,1
500,333,1
400,500,1
500,375,1
500,375,1
500,363,1
500,375,1
375,500,1
335,500,1
500,335,1
335,500,1
500,333,1
500,333,1
500,333,1
500,333,1
500,349,1
360,500,1
310,500,1
500,398,1
500,333,1
500,470,1
500,369,1
500,387,1
500,375,1
500,331,1
500,375,1
500,375,1
332,500,1
375,500,1
375,500,1
500,355,1
500,375,1
500,375,1
340,500,1
353,500,1
375,500,1
500,375,1
500,353,1
500,326,1
500,375,1
500,375,1
333,500,1
396,500,1
500,332,1
500,375,1
352,500,1
350,500,1
500,354,1
500,375,1
500,333,1
334,500,1
334,500,1
500,469,1
500,405,1
317,352,1
500,390,1
500,333,1
500,364,1
333,500,1
500,375,1
500,333,1
375,500,1
500,375,1
375,500,1
375,500,1
500,375,1
500,375,1
500,375,1
500,375,1
500,375,1
500,375,1
500,375,1
500,375,1
500,375,1
500,375,1
500,333,1
500,333,1
500,333,1
500,342,1
500,479,1
365,500,1
334,500,1
500,335,1
500,400,1
395,500,1
500,392,1
500,333,1
500,333,1
500,333,1
375,500,1
375,500,1
375,500,1
500,375,1
356,500,0
500,375,1
350,500,0
350,500,0
375,500,0
500,375,0
500,375,0
375,500,0
375,500,0
500,400,0
500,451,0
333,500,0
500,332,0
500,333,0
463,500,0
377,500,0
333,500,0
500,333,0
333,500,0
333,500,0
500,374,0
500,331,0
499,500,0
500,375,0
375,500,0
393,500,0
500,375,0
375,500,0
375,500,0
500,440,0
500,364,0
500,333,0
500,332,0
500,375,0
375,500,0
500,374,0
374,500,0
500,334,0
361,500,0
500,333,0
500,334,0
500,375,0
500,375,0
500,333,0
375,500,0
300,400,0
500,336,0
500,334,0
500,333,0
500,400,0
333,500,0
332,500,0
500,332,0
375,500,0
500,419,0
500,375,0
400,300,0
500,375,0
333,500,0
500,464,0
500,333,0
500,333,0
375,500,0
500,334,0
500,346,0
500,337,0
333,500,0
375,500,0
500,421,0
500,333,0
334,500,0
500,337,0
500,334,0
375,500,0
500,333,0
398,500,0
500,500,0
500,333,0
332,500,0
500,334,0
500,333,0
500,371,0
500,334,0
335,500,0
500,333,0
500,379,0
500,333,0
393,500,0
500,375,0
500,375,0
500,334,0
500,375,0
334,500,0
500,375,0
334,500,0
500,374,0
375,500,0
332,500,0
333,500,0
500,333,0
375,500,0
320,500,1
500,333,1
340,500,1
500,367,1
500,334,1
476,500,1
334,500,1
375,500,1
375,500,1
500,335,1
500,335,1
500,375,1
363,500,1
375,500,1
375,500,1
500,375,1
500,264,1
500,375,1
500,375,1
500,375,1
500,375,1
500,500,1
500,375,1
333,500,1
500,375,1
500,375,1
375,500,1
375,500,1
500,375,1
500,333,1
357,500,1
453,500,1
332,500,1
500,375,1
333,500,1
500,375,1
500,333,1
500,333,1
500,332,1
500,333,1
391,500,1
332,500,1
500,366,1
400,500,1
500,371,1
333,500,1
333,500,1
500,375,1
375,500,1
354,500,1
335,500,1
375,500,1
500,375,1
500,306,1
361,500,1
500,333,1
333,500,1
500,333,1
333,500,1
333,500,1
333,500,1
500,294,1
375,500,1
333,500,1
500,375,1
500,375,1
333,500,1
500,375,1
500,333,1
500,341,1
333,500,1
499,500,1
500,375,1
500,333,1
500,333,1
500,375,1
500,375,1
333,500,1
500,371,1
478,500,1
500,375,1
500,375,1
500,375,1
500,417,1
500,375,1
500,333,1
375,500,1
500,375,1
333,500,1
375,500,1
500,375,1
375,500,1
500,283,1
500,371,1
333,500,1
375,500,1
375,500,1
500,375,1
500,375,1
500,375,0
500,375,1
500,333,0
500,333,0
500,333,0
500,333,0
500,333,0
500,333,0
333,500,0
500,333,0
500,333,0
500,374,0
375,500,0
500,333,0
307,500,0
333,500,0
333,500,0
500,375,0
375,500,0
375,500,0
500,332,0
500,375,0
409,500,0
333,500,0
500,336,0
500,417,0
500,333,0
379,500,0
309,500,0
500,448,0
500,333,0
500,409,0
333,500,0
500,399,0
500,375,0
500,417,0
333,500,0
334,500,0
500,424,0
333,500,0
500,332,0
338,500,0
429,500,0
386,500,0
333,500,0
500,375,0
500,372,0
372,500,0
400,500,0
357,500,0
400,500,0
379,500,0
357,500,0
500,400,0
500,400,0
500,334,0
334,500,0
500,334,0
500,334,0
400,500,0
500,335,0
375,500,0
375,500,0
374,500,0
500,375,0
375,500,0
333,500,0
333,500,0
500,333,0
500,344,0
334,500,0
334,500,0
500,334,0
500,334,0
500,375,0
468,500,0
334,500,0
500,333,0
333,500,0
500,333,0
283,500,0
210,500,0
500,375,0
500,332,0
424,500,0
500,334,0
500,496,0
401,500,0
500,375,0
500,375,0
500,375,0
375,500,0
375,500,0
500,334,0
333,500,0
500,332,0
375,500,0
500,334,0
334,500,0
500,396,0
351,480,0
415,480,1
500,375,1
500,375,1
500,375,1
500,375,1
500,396,1
500,375,1
391,500,1
395,480,1
500,475,1
436,500,1
383,480,1
480,360,1
500,334,1
500,375,1
500,375,1
500,375,1
390,500,1
384,500,1
500,375,1
500,375,1
500,345,1
398,480,1
500,419,1
500,410,1
330,500,1
500,400,1
420,500,1
333,500,1
500,375,1
500,375,1
500,333,1
500,309,1
480,360,1
500,482,1
500,405,1
333,500,1
500,333,1
500,489,1
420,315,1
500,333,1
500,333,1
300,225,1
500,414,1
480,333,1
500,332,1
333,500,1
500,333,1
500,355,1
500,333,1
500,333,1
500,375,1
375,500,1
500,375,1
500,333,1
480,379,1
333,500,1
500,333,1
333,500,1
500,413,1
500,375,1
500,333,1
375,500,1
500,412,1
500,375,1
500,479,1
480,368,1
500,384,1
500,381,1
500,375,1
500,357,1
375,500,1
333,500,1
500,404,1
500,375,1
500,375,1
500,375,1
500,333,1
500,375,1
500,375,1
500,375,1
500,357,1
500,381,1
500,375,1
357,500,1
500,333,1
357,500,1
500,334,1
480,372,1
500,375,1
500,333,1
400,500,1
500,333,1
500,333,1
500,333,1
500,333,1
500,375,1
500,333,1
500,470,1
347,480,0
500,375,1
500,374,0
500,375,0
500,453,0
500,333,0
500,375,0
500,383,0
500,375,0
480,381,0
500,375,0
422,500,0
369,480,0
500,403,0
480,354,0
500,342,0
500,375,0
500,411,0
500,375,0
500,375,0
500,375,0
500,485,0
334,500,0
500,333,0
500,334,0
500,336,0
500,375,0
500,375,0
500,375,0
500,400,0
500,375,0
500,375,0
500,375,0
500,281,0
500,333,0
500,333,0
500,500,0
500,382,0
375,500,0
500,336,0
500,333,0
500,331,0
500,400,0
404,500,0
500,318,0
500,333,0
500,375,0
500,334,0
459,500,0
500,333,0
500,333,0
500,333,0
500,375,0
500,333,0
500,333,0
500,333,0
500,335,0
500,333,0
500,333,0
375,500,0
500,333,0
500,333,0
500,333,0
500,333,0
500,333,0
500,333,0
500,375,0
500,375,0
500,375,0
500,375,0
500,375,0
500,375,0
500,375,0
375,500,0
333,500,0
480,339,0
355,500,0
500,484,0
356,480,0
440,500,0
500,375,0
500,333,0
333,500,0
500,375,0
500,378,0
464,500,0
500,375,0
331,500,0
500,357,0
377,480,0
337,500,0
500,471,0
500,333,0
333,500,0
500,335,0
500,371,0
500,375,0
500,335,0
404,500,0
500,375,0
333,500,0
333,500,1
500,459,1
333,500,1
500,404,1
375,500,1
416,500,1
375,500,1
362,500,1
333,500,1
500,375,1
500,399,1
333,500,1
375,500,1
375,500,1
375,500,1
500,375,1
318,500,1
500,375,1
342,500,1
500,367,1
500,333,1
500,307,1
357,500,1
500,375,1
500,375,1
500,500,1
361,500,1
500,375,1
333,500,1
500,333,1
500,375,1
375,500,1
375,500,1
500,333,1
500,375,1
500,400,1
500,400,1
500,408,1
500,334,1
500,457,1
500,375,1
500,333,1
500,339,1
500,476,1
500,333,1
500,362,1
333,500,1
500,311,1
500,333,1
500,375,1
500,379,1
500,379,1
500,375,1
500,375,1
500,375,1
357,500,1
500,375,1
500,333,1
500,375,1
500,375,1
500,389,1
500,387,1
500,375,1
500,375,1
500,375,1
500,373,1
500,333,1
500,343,1
333,500,1
500,333,1
432,500,1
500,340,1
500,332,1
500,332,1
329,500,1
500,375,1
500,375,1
500,333,1
500,318,1
500,375,1
375,500,1
500,375,1
461,500,1
429,500,1
333,500,1
500,375,1
500,455,1
500,420,1
364,500,1
500,349,1
500,334,1
500,480,1
334,500,1
500,419,1
500,486,1
500,333,1
375,500,1
500,478,1
500,333,1
333,500,0
500,375,1
500,333,0
500,333,0
500,375,0
500,500,0
457,500,0
500,333,0
500,428,0
333,500,0
500,375,0
500,500,0
500,333,0
500,333,0
500,375,0
500,333,0
500,500,0
500,338,0
334,500,0
333,500,0
500,334,0
500,333,0
500,334,0
333,500,0
500,333,0
500,333,0
500,333,0
500,333,0
333,500,0
500,500,0
500,500,0
334,500,0
500,333,0
333,500,0
333,500,0
500,333,0
500,320,0
375,500,0
500,375,0
500,325,0
499,500,0
500,375,0
500,334,0
500,333,0
500,375,0
333,500,0
334,500,0
500,333,0
332,500,0
332,500,0
332,500,0
500,375,0
404,500,0
381,500,0
401,500,0
500,333,0
500,500,0
500,333,0
500,375,0
500,375,0
500,333,0
500,333,0
500,332,0
500,332,0
500,375,0
500,375,0
333,500,0
333,500,0
500,351,0
500,345,0
500,335,0
500,375,0
500,375,0
500,363,0
500,465,0
500,375,0
500,333,0
500,354,0
400,500,0
500,333,0
333,500,0
500,333,0
333,500,0
333,500,0
500,332,0
500,335,0
500,333,0
500,333,0
333,500,0
333,500,0
500,333,0
500,333,0
500,500,0
500,375,0
500,375,0
344,500,0
500,375,0
500,333,0
500,332,0
500,325,0
375,500,0
410,500,1
500,375,1
338,500,1
500,334,1
500,390,1
500,323,1
336,500,1
500,500,1
500,333,1
500,374,1
500,444,1
357,500,1
500,490,1
500,332,1
500,333,1
255,225,1
500,334,1
500,375,1
386,500,1
500,375,1
500,375,1
500,416,1
332,500,1
500,368,1
500,334,1
500,375,1
378,500,1
500,375,1
377,500,1
500,358,1
375,500,1
375,500,1
500,375,1
436,500,1
379,500,1
500,375,1
500,371,1
500,333,1
429,500,1
500,334,1
500,375,1
500,428,1
333,500,1
500,375,1
500,332,1
500,375,1
500,334,1
500,410,1
500,375,1
500,375,1
500,375,1
500,375,1
375,500,1
500,375,1
500,323,1
493,500,1
500,333,1
467,500,1
500,375,1
500,430,1
375,500,1
375,500,1
375,500,1
500,375,1
500,375,1
500,354,1
338,500,1
500,334,1
375,500,1
500,333,1
375,500,1
500,375,1
500,334,1
500,375,1
500,375,1
334,500,1
500,375,1
500,377,1
500,333,1
409,500,1
500,392,1
500,375,1
395,500,1
500,375,1
375,500,1
500,375,1
500,375,1
500,375,1
500,375,1
500,375,1
394,500,1
500,375,1
500,485,1
500,419,1
500,385,1
375,500,1
500,375,1
500,375,1
500,334,1
500,375,0
333,500,1
500,333,0
375,500,0
500,328,0
500,375,0
500,375,0
360,480,0
500,375,0
357,500,0
500,375,0
339,500,0
375,500,0
500,375,0
500,375,0
500,375,0
500,333,0
333,500,0
500,375,0
500,334,0
500,334,0
500,333,0
500,333,0
467,350,0
333,500,0
500,333,0
500,333,0
500,375,0
500,333,0
500,333,0
500,333,0
500,333,0
500,333,0
500,333,0
500,375,0
500,333,0
500,346,0
334,500,0
417,500,0
500,442,0
415,500,0
500,466,0
334,500,0
500,226,0
500,375,0
500,375,0
500,375,0
500,375,0
500,375,0
500,375,0
500,375,0
500,375,0
500,332,0
500,375,0
500,375,0
500,333,0
500,375,0
500,375,0
500,375,0
500,375,0
500,375,0
500,375,0
500,375,0
482,500,0
500,369,0
500,332,0
375,500,0
432,499,0
500,375,0
337,500,0
500,334,0
500,375,0
500,375,0
500,375,0
500,483,0
500,458,0
500,375,0
500,375,0
500,375,0
375,500,0
500,375,0
500,332,0
375,500,0
375,500,0
500,428,0
500,334,0
500,373,0
500,375,0
500,375,0
500,393,0
500,375,0
500,333,0
500,333,0
500,375,0
500,375,0
500,400,0
500,375,0
500,464,0
500,338,0
500,375,0
500,500,0
320,480,1
369,500,1
375,500,1
500,449,1
500,401,1
500,426,1
375,500,1
332,500,1
473,500,1
375,500,1
375,500,1
320,480,1
500,333,1
500,333,1
500,375,1
333,500,1
500,334,1
500,333,1
333,500,1
500,375,1
500,333,1
500,333,1
333,500,1
500,333,1
500,333,1
500,375,1
500,333,1
333,500,1
500,354,1
500,333,1
500,333,1
500,333,1
500,375,1
375,500,1
333,500,1
500,333,1
500,375,1
375,500,1
500,333,1
500,375,1
500,423,1
489,500,1
500,375,1
500,375,1
500,375,1
500,375,1
500,375,1
500,375,1
500,373,1
500,375,1
333,500,1
500,333,1
500,372,1
500,349,1
500,464,1
375,500,1
375,500,1
500,375,1
500,375,1
500,375,1
500,375,1
375,500,1
500,375,1
500,375,1
500,375,1
500,375,1
500,375,1
361,500,1
391,500,1
375,500,1
344,500,1
500,400,1
500,375,1
357,500,1
500,401,1
500,375,1
500,375,1
500,375,1
500,426,1
500,375,1
500,333,1
500,333,1
500,333,1
500,375,1
500,375,1
375,500,1
500,400,1
375,500,1
375,500,1
319,500,1
333,500,1
500,500,1
375,500,1
483,500,1
459,440,1
500,428,1
500,375,1
500,375,1
500,375,1
500,375,0
375,500,1
500,375,0
500,375,0
464,500,0
482,500,0
432,432,0
375,500,0
500,375,0
500,333,0
500,331,0
334,500,0
500,375,0
333,500,0
500,375,0
500,333,0
375,500,0
350,500,0
500,331,0
375,500,0
500,375,0
500,375,0
375,500,0
500,331,0
500,375,0
500,455,0
333,500,0
500,375,0
375,500,0
480,320,0
320,480,0
500,372,0
500,364,0
500,375,0
500,338,0
320,480,0
500,375,0
500,375,0
500,375,0
500,375,0
500,375,0
500,332,0
500,375,0
500,333,0
375,500,0
333,500,0
406,500,0
375,500,0
500,375,0
500,412,0
480,320,0
480,320,0
500,375,0
500,375,0
500,403,0
480,320,0
500,500,0
500,375,0
500,465,0
500,375,0
320,480,0
500,331,0
500,331,0
500,428,0
500,349,0
500,375,0
500,331,0
333,500,0
500,331,0
500,375,0
500,335,0
500,335,0
500,375,0
480,320,0
480,320,0
320,480,0
320,480,0
500,375,0
320,480,0
500,375,0
500,375,0
500,375,0
500,375,0
500,375,0
500,375,0
500,375,0
500,375,0
500,375,0
500,333,0
320,480,0
500,367,0
500,333,0
500,374,0
500,375,0
500,474,0
500,375,0
375,500,0
500,375,0
500,375,0
500,375,0
396,500,0
500,333,1
332,500,1
500,333,1
370,500,1
500,333,1
500,460,1
333,500,1
333,500,1
333,500,1
500,462,1
500,334,1
500,334,1
500,333,1
500,375,1
500,375,1
500,375,1
500,375,1
375,500,1
489,500,1
333,500,1
500,333,1
500,332,1
500,333,1
500,375,1
500,375,1
500,379,1
500,403,1
500,375,1
500,426,1
500,398,1
500,425,1
427,500,1
333,500,1
334,500,1
500,333,1
500,333,1
500,333,1
500,333,1
500,333,1
500,393,1
500,423,1
500,333,1
500,333,1
500,333,1
500,427,1
500,375,1
500,375,1
500,333,1
500,375,1
500,375,1
500,333,1
500,333,1
500,333,1
500,333,1
500,343,1
500,414,1
500,352,1
412,500,1
388,500,1
353,500,1
500,375,1
500,375,1
363,500,1
500,372,1
500,375,1
500,424,1
500,411,1
375,500,1
375,500,1
500,340,1
333,500,1
500,384,1
500,240,1
500,362,1
481,500,1
500,375,1
500,375,1
500,375,1
500,375,1
500,349,1
500,334,1
500,334,1
500,334,1
500,334,1
500,375,1
500,375,1
334,500,1
459,500,1
263,500,1
333,500,1
333,500,1
500,476,1
500,375,1
500,332,1
500,375,1
500,375,1
396,500,1
500,474,1
500,334,1
500,333,0
375,500,1
375,500,0
375,500,0
500,375,0
500,375,0
500,375,0
375,500,0
500,375,0
500,333,0
500,333,0
500,334,0
500,371,0
500,375,0
500,337,0
500,375,0
450,500,0
500,462,0
500,333,0
500,334,0
500,375,0
500,334,0
500,333,0
500,334,0
500,375,0
487,500,0
500,332,0
375,500,0
500,334,0
432,500,0
375,500,0
401,500,0
375,500,0
375,500,0
500,369,0
375,500,0
500,375,0
500,375,0
369,500,0
500,333,0
500,333,0
500,333,0
500,333,0
500,375,0
500,375,0
493,500,0
500,375,0
333,500,0
500,375,0
500,375,0
500,375,0
500,333,0
500,333,0
500,375,0
333,500,0
500,375,0
500,398,0
375,500,0
500,357,0
500,375,0
500,375,0
500,375,0
500,375,0
500,362,0
433,500,0
472,500,0
500,354,0
500,334,0
500,355,0
496,500,0
375,500,0
403,500,0
359,500,0
332,500,0
415,500,0
500,389,0
500,375,0
334,500,0
500,334,0
500,343,0
500,357,0
500,332,0
500,375,0
500,333,0
500,375,0
336,500,0
500,375,0
362,500,0
328,500,0
500,375,0
328,500,0
500,333,0
375,500,0
500,375,0
375,500,0
500,333,0
500,375,0
500,333,0
500,333,0
500,333,0
174,226,1
600,900,1
500,357,1
444,500,1
320,500,1
500,412,1
500,375,1
500,333,1
500,333,1
500,333,1
500,375,1
500,333,1
424,500,1
299,500,1
401,500,1
334,500,1
500,333,1
500,375,1
500,333,1
500,354,1
500,375,1
333,500,1
379,500,1
500,334,1
375,500,1
500,333,1
500,388,1
500,375,1
500,332,1
497,500,1
333,500,1
500,332,1
403,500,1
500,333,1
334,500,1
500,364,1
500,287,1
500,375,1
500,375,1
500,375,1
332,500,1
473,500,1
333,500,1
380,500,1
500,333,1
500,375,1
333,500,1
500,333,1
355,500,1
500,375,1
500,333,1
500,333,1
500,333,1
333,500,1
500,333,1
500,375,1
500,313,1
500,333,1
500,333,1
500,500,1
420,500,1
500,375,1
500,375,1
500,375,1
500,347,1
500,376,1
406,500,1
500,375,1
375,500,1
375,500,1
375,500,1
375,500,1
323,500,1
500,333,1
334,500,1
333,500,1
327,500,1
375,500,1
500,333,1
500,397,1
493,500,1
500,229,1
500,333,1
375,500,1
500,388,1
324,500,1
333,500,1
245,300,0
333,500,1
327,500,1
389,500,1
330,500,1
387,500,1
500,333,1
500,334,1
375,500,0
500,333,1
246,300,1
220,300,1
300,225,1
296,300,1
300,236,1
300,240,0
300,225,0
375,500,0
300,225,0
300,218,0
300,224,0
334,500,0
225,300,0
300,224,0
300,225,0
300,245,0
300,272,0
300,300,0
300,197,0
500,375,0
300,225,0
300,225,0
334,500,0
300,295,0
650,453,0
1024,768,0
500,375,0
640,425,0
310,271,0
500,375,0
400,533,0
500,333,0
212,238,0
600,347,0
450,600,0
333,500,0
500,333,0
241,247,0
308,500,0
359,500,0
500,418,0
500,283,0
500,400,0
500,333,0
500,333,0
500,333,0
500,360,0
500,333,0
499,500,0
375,500,0
500,500,0
500,333,0
500,355,0
500,333,0
500,349,0
500,333,0
225,310,0
334,500,0
332,500,0
460,500,0
375,500,0
333,500,0
482,500,0
500,332,0
332,500,0
333,500,0
183,275,0
500,375,0
500,375,0
343,500,0
403,500,0
500,374,0
500,500,0
335,500,0
500,333,0
183,275,0
500,333,0
500,333,0
334,500,0
373,500,0
333,500,0
500,375,0
500,375,0
500,333,0
350,250,0
375,500,0
335,500,0
387,500,0
335,500,0
333,500,0
375,500,0
500,332,0
479,500,0
600,400,0
500,333,0
500,333,0
375,500,0
500,352,0
500,309,0
500,314,0
379,500,0
375,500,0
375,500,0
500,375,0
500,375,1
500,375,1
500,492,1
500,333,1
500,333,1
500,333,1
500,333,1
500,411,1
333,500,1
500,333,1
500,375,1
500,375,1
500,333,1
341,320,1
500,375,1
200,150,1
300,225,1
300,210,1
300,226,1
200,150,1
300,225,1
246,300,1
500,375,1
300,225,1
300,225,1
300,262,1
225,300,1
133,200,1
300,225,1
211,300,1
300,225,1
300,197,1
300,225,1
375,500,1
300,225,1
300,225,1
300,200,1
300,225,1
300,225,1
300,199,1
300,225,1
240,300,1
300,201,1
150,200,1
375,500,1
300,220,1
201,300,1
225,300,1
300,230,1
300,225,1
300,220,1
300,268,1
300,225,1
300,225,1
300,225,1
500,375,1
300,225,1
300,225,1
300,225,1
216,300,1
300,225,1
200,149,1
300,225,1
215,300,1
300,225,1
300,225,1
333,500,1
300,225,1
300,225,1
300,255,1
300,240,1
229,270,1
300,225,1
300,201,1
225,300,1
300,225,1
300,225,1
333,500,1
300,225,1
254,300,1
300,202,1
234,300,1
300,225,1
300,225,1
277,200,1
184,300,1
300,225,1
300,224,1
294,500,1
300,245,1
300,191,1
300,225,1
300,225,1
300,225,1
277,300,1
211,300,1
300,225,1
225,300,1
225,300,1
500,392,0
300,225,1
300,202,0
300,224,0
300,199,0
300,224,0
225,300,0
225,300,0
300,243,0
247,240,0
217,300,0
500,342,0
500,333,0
225,300,0
323,500,0
500,375,0
500,375,0
364,500,0
500,375,0
375,500,0
394,500,0
500,386,0
500,384,0
500,375,0
500,332,0
500,336,0
500,375,0
281,500,0
335,500,0
335,500,0
357,500,0
375,500,0
500,333,0
500,281,0
500,375,0
500,375,0
500,443,0
500,375,0
500,375,0
500,375,0
375,500,0
500,375,0
334,500,0
333,500,0
358,500,0
375,500,0
500,451,0
500,333,0
500,333,0
375,500,0
375,500,0
333,500,0
333,500,0
500,333,0
500,500,0
281,500,0
437,430,0
500,333,0
375,500,0
500,345,0
321,500,0
500,333,0
500,375,0
418,500,0
333,500,0
281,500,0
500,281,0
375,500,0
375,500,0
500,333,0
281,500,0
500,280,0
344,500,0
281,500,0
500,333,0
310,500,0
337,500,0
375,500,0
500,375,0
281,500,0
500,332,0
281,500,0
500,375,0
354,500,0
333,500,0
500,333,0
500,333,0
332,500,0
375,500,0
333,500,0
500,333,0
333,500,0
400,500,0
500,333,0
500,333,0
333,500,0
500,333,0
500,333,0
500,375,0
500,333,0
333,500,0
335,500,1
500,333,1
500,333,1
500,375,1
500,375,1
500,375,1
500,375,1
333,500,1
333,500,1
333,500,1
500,334,1
500,375,1
500,375,1
500,334,1
489,500,1
372,500,1
500,375,1
375,500,1
500,375,1
500,375,1
403,500,1
375,500,1
500,375,1
500,333,1
462,500,1
500,400,1
500,333,1
500,333,1
500,333,1
443,500,1
500,333,1
400,500,1
500,500,1
333,500,1
334,500,1
500,375,1
375,500,1
500,375,1
500,375,1
333,500,1
334,500,1
500,333,1
500,333,1
500,333,1
500,379,1
335,500,1
500,335,1
500,375,1
500,375,1
500,375,1
500,333,1
375,500,1
500,334,1
500,375,1
500,333,1
500,333,1
377,500,1
500,333,1
500,334,1
500,333,1
500,333,1
500,333,1
500,375,1
500,333,1
375,500,1
500,375,1
500,375,1
500,410,1
500,378,1
333,500,1
500,333,1
500,333,1
500,333,1
500,333,1
500,375,1
500,375,1
500,333,1
375,500,1
500,375,1
500,333,1
500,333,1
500,375,1
500,375,1
500,333,1
500,333,1
333,500,1
500,357,1
500,333,1
500,375,1
500,500,1
500,333,1
500,375,1
479,500,1
333,500,1
500,375,1
500,500,1
500,375,1
500,375,1
500,375,1
500,375,0
500,500,1
500,500,0
500,375,0
500,333,0
375,500,0
500,333,0
500,333,0
500,333,0
500,500,0
500,333,0
500,333,0
500,375,0
500,333,0
500,333,0
500,333,0
500,449,0
500,351,0
333,500,0
500,375,0
500,375,0
281,500,0
500,375,0
333,500,0
500,272,0
500,334,0
332,500,0
500,375,0
401,500,0
403,500,0
500,375,0
500,375,0
500,333,0
500,375,0
384,500,0
500,333,0
500,333,0
500,375,0
333,500,0
468,500,0
375,500,0
500,375,0
500,375,0
375,500,0
500,333,0
500,353,0
500,417,0
500,333,0
375,500,0
500,333,0
500,333,0
500,333,0
500,333,0
386,500,0
333,500,0
334,500,0
500,333,0
500,375,0
281,500,0
500,333,0
500,375,0
500,375,0
500,375,0
500,281,0
500,375,0
332,500,0
456,500,0
333,500,0
500,375,0
500,375,0
500,375,0
500,375,0
332,500,0
500,375,0
332,500,0
500,375,0
500,375,0
334,500,0
500,333,0
500,333,0
500,333,0
333,500,0
345,500,0
500,335,0
332,500,0
332,500,0
375,500,0
333,500,0
500,333,0
500,448,0
496,500,0
500,380,0
500,375,0
500,375,0
500,432,0
333,500,0
333,500,0
354,500,0
500,375,0
500,336,0
275,196,1
375,500,1
500,334,1
377,500,1
376,500,1
500,375,1
500,332,1
500,500,1
398,500,1
500,402,1
434,500,1
375,500,1
375,500,1
433,400,1
500,439,1
500,375,1
375,500,1
500,375,1
500,456,1
375,500,1
375,500,1
333,500,1
320,480,1
500,375,1
500,333,1
500,450,1
500,334,1
500,333,1
500,375,1
500,375,1
333,500,1
500,313,1
500,375,1
500,352,1
500,410,1
500,375,1
403,500,1
334,500,1
375,500,1
358,500,1
500,396,1
500,333,1
500,333,1
500,333,1
500,333,1
500,375,1
375,500,1
333,500,1
333,500,1
375,500,1
500,389,1
333,500,1
500,482,1
500,500,1
375,500,1
375,500,1
500,395,1
258,500,1
500,500,1
427,500,1
500,333,1
350,500,1
500,333,1
376,500,1
375,500,1
500,334,1
500,500,1
500,333,1
333,500,1
386,500,1
375,500,1
500,369,1
463,500,1
500,375,1
334,500,1
500,376,1
500,334,1
500,437,1
500,375,1
375,500,1
375,500,1
500,375,1
375,500,1
500,393,1
375,500,1
333,500,1
500,333,1
500,333,1
500,436,1
500,335,1
484,500,1
500,350,1
500,333,1
350,250,0
500,375,1
500,333,1
500,348,1
500,333,1
300,225,1
498,500,0
218,300,1
300,226,1
500,333,0
300,225,0
300,225,0
300,225,0
300,225,0
286,300,0
500,323,0
400,302,0
295,234,0
466,309,0
259,194,0
470,353,0
500,333,0
260,194,0
400,291,0
849,566,0
262,335,0
396,307,0
364,369,0
1024,768,0
500,379,0
350,235,0
1280,1024,0
456,500,0
300,275,0
500,328,0
259,194,0
497,275,0
500,333,0
500,375,0
600,398,0
400,500,0
500,333,0
500,333,0
500,333,0
500,375,0
500,333,0
500,375,0
333,500,0
600,700,0
500,333,0
500,333,0
500,380,0
500,281,0
462,500,0
500,332,0
500,375,0
322,500,0
375,500,0
600,428,0
425,500,0
500,375,0
375,500,0
333,500,0
500,486,0
500,409,0
500,333,0
500,480,0
334,500,0
500,333,0
332,500,0
500,351,0
500,333,0
500,333,0
500,375,0
500,442,0
500,456,0
500,491,0
500,375,0
500,375,0
333,500,0
500,375,0
500,334,0
372,500,0
375,500,0
500,333,0
500,375,0
500,378,0
333,500,0
500,332,0
500,399,0
500,375,0
500,402,0
500,482,0
333,500,0
500,375,0
333,500,0
332,500,0
500,350,0
500,333,0
500,353,0
500,375,0
500,500,0
333,500,0
500,380,0
346,500,0
375,500,0
487,500,0
494,500,0
500,333,1
500,375,1
500,375,1
500,375,1
500,357,1
500,375,1
375,500,1
500,333,1
500,333,1
500,375,1
500,332,1
500,332,1
500,333,1
300,253,1
300,199,1
300,225,1
198,300,1
300,233,1
225,300,1
255,300,1
300,266,1
300,225,1
500,375,1
300,236,1
289,300,1
300,294,1
300,225,1
300,225,1
216,280,1
300,225,1
225,300,1
204,300,1
300,267,1
500,375,1
271,300,1
300,225,1
300,249,1
300,291,1
300,248,1
218,300,1
295,299,1
300,225,1
300,203,1
225,300,1
500,375,1
300,225,1
300,225,1
300,225,1
300,225,1
200,300,1
225,300,1
300,225,1
297,300,1
300,225,1
300,225,1
500,375,1
225,300,1
300,225,1
300,225,1
300,225,1
288,216,1
300,225,1
300,225,1
200,300,1
236,300,1
300,225,1
500,348,1
300,274,1
300,200,1
222,300,1
290,214,1
300,224,1
290,222,1
189,300,1
274,300,1
300,203,1
217,300,1
500,375,1
225,300,1
225,300,1
200,150,1
225,300,1
300,225,1
288,282,1
300,225,1
300,203,1
208,269,1
300,225,1
500,375,1
203,300,1
300,225,1
250,276,1
300,225,1
281,243,1
300,225,1
300,225,1
300,287,1
300,225,1
300,225,1
500,354,0
300,296,1
300,225,0
300,212,0
300,225,0
214,300,0
300,208,0
224,300,0
300,293,0
300,225,0
278,300,0
333,500,0
375,500,0
500,375,0
500,333,0
500,333,0
500,333,0
500,375,0
500,375,0
357,500,0
375,500,0
333,500,0
333,500,0
500,375,0
500,337,0
500,363,0
500,333,0
500,440,0
500,333,0
375,500,0
500,339,0
500,496,0
500,483,0
500,496,0
500,375,0
500,433,0
500,382,0
500,333,0
375,500,0
500,375,0
500,375,0
500,333,0
500,375,0
500,375,0
500,375,0
500,335,0
333,500,0
500,375,0
375,500,0
500,375,0
500,375,0
500,332,0
375,500,0
375,500,0
375,500,0
500,375,0
500,335,0
500,357,0
500,375,0
500,375,0
500,375,0
500,375,0
500,368,0
333,500,0
316,500,0
333,500,0
500,376,0
500,332,0
500,334,0
500,343,0
333,500,0
500,333,0
500,333,0
500,342,0
375,500,0
500,333,0
333,500,0
500,333,0
432,243,0
500,375,0
500,500,0
500,333,0
375,500,0
500,333,0
333,500,0
500,375,0
500,322,0
500,375,0
375,500,0
500,332,0
500,332,0
500,322,0
333,500,0
500,384,0
500,332,0
334,500,0
334,500,0
500,334,0
354,500,0
332,500,0
500,374,0
333,500,1
333,500,1
500,333,1
375,500,1
500,375,1
500,394,1
375,500,1
375,500,1
375,500,1
375,500,1
375,500,1
500,333,1
342,500,1
445,500,1
333,500,1
375,500,1
375,500,1
500,333,1
500,333,1
332,500,1
375,500,1
500,333,1
500,375,1
300,222,1
300,296,1
223,300,1
225,300,1
300,195,1
203,300,1
300,269,1
300,225,1
300,225,1
500,375,1
300,225,1
300,200,1
240,300,1
199,300,1
300,225,1
208,300,1
300,210,1
199,300,1
300,262,1
300,235,1
500,334,1
300,225,1
299,224,1
300,225,1
300,225,1
197,300,1
300,225,1
300,224,1
300,224,1
300,200,1
300,253,1
500,500,1
300,185,1
198,300,1
300,225,1
300,225,1
300,225,1
300,225,1
300,267,1
300,225,1
300,225,1
500,375,1
300,225,1
300,281,1
300,225,1
275,300,1
230,300,1
300,225,1
225,300,1
300,205,1
225,300,1
256,300,1
500,375,1
300,201,1
300,219,1
225,300,1
287,300,1
300,225,1
300,224,1
300,227,1
300,225,1
300,233,1
300,225,1
500,375,1
300,214,1
209,300,1
176,300,1
279,300,1
300,225,1
300,225,1
261,300,1
300,225,1
300,215,1
300,225,1
500,370,0
274,300,1
300,225,1
300,255,1
300,225,0
300,226,0
248,300,0
225,300,0
256,256,0
300,225,0
200,150,0
332,500,0
500,375,0
300,225,0
300,225,0
197,300,0
300,225,0
428,500,0
500,478,0
445,500,0
500,333,0
500,334,0
360,500,0
500,334,0
500,333,0
500,375,0
332,500,0
359,500,0
332,500,0
482,500,0
500,368,0
500,448,0
500,343,0
500,333,0
500,333,0
333,500,0
333,500,0
333,500,0
333,500,0
332,500,0
500,466,0
500,333,0
333,500,0
500,333,0
500,333,0
500,333,0
333,500,0
331,500,0
500,292,0
334,500,0
333,500,0
500,333,0
333,500,0
500,333,0
500,334,0
308,421,0
500,333,0
357,500,0
500,349,0
500,337,0
500,333,0
500,350,0
500,375,0
500,333,0
500,375,0
500,398,0
375,500,0
500,332,0
500,333,0
500,332,0
333,500,0
500,358,0
500,333,0
500,333,0
500,333,0
412,500,0
333,500,0
500,332,0
500,375,0
500,333,0
500,333,0
500,375,0
500,333,0
500,358,0
500,333,0
500,375,0
500,333,0
333,500,0
500,333,0
333,500,0
500,333,0
370,500,0
399,500,0
500,375,0
500,333,0
333,500,0
500,333,0
500,334,0
500,491,0
500,333,0
500,332,0
500,333,0
183,275,1
500,375,1
461,364,1
333,500,1
500,309,1
500,483,1
500,395,1
500,409,1
500,395,1
500,375,1
332,500,1
500,481,1
500,375,1
333,500,1
500,333,1
500,333,1
500,375,1
500,353,1
500,375,1
500,333,1
500,484,1
500,375,1
500,375,1
375,500,1
334,500,1
500,375,1
500,333,1
335,500,1
291,500,1
500,335,1
500,366,1
500,375,1
500,375,1
334,500,1
412,480,1
500,449,1
500,479,1
500,464,1
500,386,1
500,375,1
300,500,1
500,433,1
500,383,1
320,213,1
500,375,1
500,333,1
450,443,1
375,500,1
320,213,1
404,500,1
500,375,1
500,415,1
371,500,1
500,350,1
418,500,1
500,378,1
500,423,1
500,333,1
500,304,1
500,309,1
500,375,1
500,333,1
500,333,1
332,500,1
500,382,1
422,500,1
333,500,1
500,332,1
334,500,1
500,333,1
400,500,1
332,500,1
500,333,1
500,307,1
500,333,1
333,500,1
500,333,1
500,333,1
375,500,1
500,333,1
500,380,1
500,436,1
334,500,1
333,500,1
334,500,1
500,333,1
375,500,1
425,319,1
500,333,1
500,375,1
334,500,1
332,500,1
334,500,1
500,334,1
500,412,1
354,500,1
332,500,1
500,375,0
275,196,0
333,500,0
500,375,1
500,375,1
461,364,0
500,377,0
500,426,0
241,216,0
209,300,0
300,200,0
202,300,0
300,225,0
300,199,0
300,225,0
300,225,0
500,333,0
296,300,0
500,334,0
300,199,0
300,199,0
300,199,0
300,225,0
246,205,0
400,282,0
500,456,0
500,375,0
500,375,0
500,481,0
1024,768,0
550,491,0
259,194,0
350,250,0
400,500,0
500,375,0
350,250,0
500,393,0
500,393,0
500,375,0
500,333,0
500,333,0
500,375,0
333,500,0
500,333,0
600,561,0
374,500,0
500,472,0
500,332,0
375,500,0
500,333,0
500,367,0
500,335,0
484,500,0
333,500,0
600,900,0
333,500,0
500,500,0
500,500,0
500,332,0
500,333,0
333,500,0
500,333,0
500,333,0
600,424,0
461,364,0
500,332,0
500,333,0
500,334,0
500,291,0
500,467,0
500,375,0
333,500,0
500,335,0
500,375,0
500,375,0
500,333,0
500,333,0
500,333,0
357,500,0
382,500,0
461,364,0
500,333,0
375,500,0
375,500,0
333,500,0
500,333,0
333,500,0
500,333,0
500,333,0
500,333,0
500,375,0
500,416,0
500,333,0
500,419,0
500,334,0
500,375,0
375,500,0
333,500,0
500,375,0
500,375,0
500,375,0
333,500,0
500,334,0
200,239,1
233,350,1
375,500,1
500,400,1
500,332,1
500,375,1
500,375,1
325,500,1
281,500,1
281,500,1
500,334,1
500,333,1
500,375,1
500,375,1
333,500,1
500,375,1
332,500,1
500,334,1
500,375,1
281,500,1
500,375,1
600,900,1
500,375,1
500,375,1
500,375,1
500,375,1
500,375,1
333,500,1
375,500,1
500,323,1
600,900,1
500,323,1
375,500,1
500,333,1
500,333,1
500,421,1
500,423,1
500,375,1
500,333,1
500,333,1
500,333,1
333,500,1
500,334,1
374,500,1
375,500,1
293,500,1
500,375,1
500,333,1
500,375,1
500,333,1
500,375,1
500,333,1
400,267,1
334,500,1
334,500,1
500,352,1
333,500,1
500,333,1
500,334,1
500,374,1
375,500,1
361,500,1
333,500,1
500,333,1
500,375,1
333,500,1
333,500,1
500,334,1
500,375,1
500,333,1
500,333,1
333,500,1
500,427,1
500,333,1
500,484,1
500,375,1
500,281,1
375,500,1
500,332,1
500,342,1
500,356,1
500,332,1
500,335,1
500,332,1
500,314,1
355,500,1
355,500,1
500,333,1
500,335,1
332,500,1
335,500,1
334,500,1
375,500,1
500,375,1
335,500,1
334,500,1
500,442,1
500,333,1
500,333,1
332,500,0
500,334,1
429,500,0
334,500,0
500,375,0
500,334,0
375,500,0
500,411,0
500,375,0
500,334,0
500,334,0
405,402,0
333,500,0
500,334,0
300,264,0
300,225,0
300,200,0
300,226,0
300,225,0
300,300,0
300,225,0
300,225,0
300,247,0
225,300,0
200,300,0
500,334,0
279,259,0
225,300,0
300,225,0
300,222,0
300,274,0
300,199,0
450,366,0
400,361,0
500,334,0
500,333,0
500,333,0
500,337,0
375,500,0
500,334,0
332,500,0
449,500,0
500,333,0
334,500,0
500,375,0
500,334,0
500,334,0
500,375,0
334,500,0
334,500,0
500,333,0
500,333,0
500,334,0
500,500,0
334,500,0
500,375,0
500,333,0
500,333,0
500,332,0
500,333,0
500,333,0
500,333,0
500,332,0
500,333,0
500,375,0
375,500,0
500,375,0
500,375,0
500,375,0
333,500,0
375,500,0
375,500,0
500,333,0
500,294,0
500,326,0
500,375,0
500,375,0
396,500,0
500,333,0
194,316,0
500,335,0
500,375,0
500,334,0
500,333,0
500,333,0
500,333,0
500,333,0
417,500,0
500,309,0
428,500,0
275,196,0
360,500,0
500,375,0
500,333,0
500,333,0
422,500,0
400,500,0
500,323,0
500,328,0
333,500,0
333,500,0
375,500,0
500,375,1
500,375,1
500,375,1
500,262,1
500,334,1
412,500,1
500,375,1
500,333,1
500,332,1
500,333,1
500,332,1
300,500,1
500,334,1
500,426,1
332,500,1
332,500,1
500,375,1
500,330,1
500,338,1
367,500,1
500,451,1
500,333,1
500,375,1
500,331,1
375,500,1
500,334,1
500,331,1
500,375,1
392,500,1
500,375,1
500,334,1
500,375,1
500,375,1
500,375,1
334,500,1
500,333,1
500,375,1
500,375,1
333,500,1
500,321,1
358,500,1
500,375,1
500,375,1
333,500,1
500,375,1
450,500,1
500,375,1
500,375,1
333,500,1
500,375,1
500,377,1
500,375,1
500,335,1
500,340,1
405,500,1
500,375,0
500,333,1
500,375,1
500,332,1
500,335,1
284,500,1
500,423,1
500,333,1
334,500,1
307,500,1
500,336,1
500,375,1
375,500,1
375,500,1
375,500,1
500,375,1
500,411,1
500,375,1
500,329,1
500,333,1
375,500,1
500,388,1
500,375,1
330,500,1
500,462,1
500,348,1
500,333,1
500,333,1
500,375,1
500,375,1
500,375,1
500,500,1
375,500,1
500,333,1
500,375,1
500,328,1
500,375,1
500,333,1
500,375,1
333,500,1
500,333,1
333,500,1
333,500,1
333,500,1
500,375,0
375,500,1
500,375,0
500,500,0
334,500,0
500,375,0
500,375,0
494,500,0
500,375,0
500,333,0
500,375,0
500,375,0
500,375,0
500,375,0
500,375,0
500,333,0
500,412,0
500,375,0
500,375,0
500,335,0
500,375,0
500,333,0
357,500,0
500,375,0
500,355,0
500,333,0
500,333,0
500,375,0
335,500,0
500,375,0
500,333,0
333,500,0
332,500,0
500,334,0
500,375,0
500,334,0
500,333,0
333,500,0
500,375,0
377,500,0
500,400,0
332,500,0
324,500,0
500,334,0
500,334,0
500,375,0
500,335,0
500,375,0
500,390,0
500,421,0
500,377,0
500,376,0
500,376,0
500,375,0
500,333,0
500,375,0
500,333,0
375,500,0
500,375,0
500,375,0
334,500,0
500,375,0
500,375,0
500,490,0
500,333,0
500,375,0
500,375,0
500,333,0
500,500,0
333,500,0
307,460,0
450,387,0
500,375,0
332,500,0
373,500,0
456,500,0
500,375,0
375,500,0
500,333,0
500,333,0
337,500,0
500,375,0
375,500,0
500,375,0
335,500,0
500,333,0
500,375,0
500,334,0
500,281,0
375,500,0
500,375,0
500,333,0
500,334,0
500,332,0
500,332,0
332,500,0
500,332,0
500,333,0
500,333,0
357,500,0
500,333,0
500,357,0
500,334,1
500,375,1
500,408,1
500,375,1
500,333,1
500,454,1
327,500,1
500,375,1
333,500,1
500,333,1
325,500,1
500,333,1
500,333,1
500,366,1
500,375,1
500,375,1
500,333,1
500,400,1
292,500,1
500,375,1
500,375,1
375,500,1
375,500,1
500,400,1
500,375,1
500,332,1
500,344,1
500,476,1
500,333,1
500,374,1
500,375,1
333,500,1
333,500,1
500,333,1
500,375,1
333,500,1
500,333,1
375,500,1
500,375,1
500,375,1
375,500,1
500,375,1
500,455,1
500,357,1
500,375,1
500,351,1
500,375,1
500,333,1
500,375,1
500,375,1
500,375,1
500,375,1
500,375,1
500,375,1
377,500,1
500,375,1
500,335,1
334,500,1
500,375,1
500,333,1
500,333,1
500,333,1
500,333,1
500,333,1
500,333,1
375,500,1
500,333,1
500,333,1
500,333,1
500,333,1
500,333,1
317,500,1
500,333,1
500,335,1
333,500,1
500,333,1
500,479,1
500,333,1
500,333,1
500,375,1
500,334,1
500,334,1
500,334,1
500,334,1
500,334,1
500,334,1
500,334,1
500,333,1
500,334,1
500,334,1
500,334,1
500,334,1
500,334,1
374,500,1
334,500,1
334,500,1
375,500,1
375,500,1
500,375,0
375,500,1
375,500,0
375,500,0
375,500,0
375,500,0
375,500,0
375,500,0
500,490,0
333,500,0
333,500,0
500,335,0
500,375,0
333,500,0
500,375,0
500,375,0
500,375,0
500,375,0
500,333,0
500,333,0
400,328,0
500,414,0
333,500,0
333,500,0
333,500,0
375,500,0
333,500,0
500,375,0
500,375,0
333,500,0
375,500,0
500,375,0
500,333,0
443,500,0
290,500,0
333,500,0
500,334,0
500,333,0
500,372,0
400,500,0
500,332,0
333,500,0
333,500,0
333,500,0
500,333,0
375,500,0
500,375,0
375,500,0
333,500,0
500,333,0
333,500,0
500,333,0
333,500,0
333,500,0
333,500,0
500,400,0
500,335,0
375,500,0
500,333,0
500,375,0
500,375,0
333,500,0
500,375,0
500,404,0
500,375,0
333,500,0
500,375,0
407,500,0
500,333,0
500,313,0
500,282,0
500,333,0
500,375,0
333,500,0
500,375,0
316,426,0
359,500,0
500,357,0
375,500,0
500,332,0
500,469,0
500,375,0
500,375,0
500,333,0
500,375,0
500,335,0
333,500,0
500,340,0
334,500,0
375,500,0
500,333,0
333,500,0
333,500,0
500,315,0
425,500,0
375,500,0
500,443,0
500,333,0
333,500,0
500,375,0
417,500,0
500,335,1
500,375,1
500,375,1
500,332,1
500,365,1
480,360,1
500,375,1
332,442,1
500,375,1
500,375,1
500,375,1
500,375,1
500,333,1
500,376,1
375,500,1
500,375,1
391,500,1
442,500,1
422,500,1
381,480,1
484,500,1
500,416,1
500,500,1
416,500,1
344,500,1
449,439,1
500,375,1
375,500,1
500,375,1
500,375,1
375,500,1
500,375,1
500,335,1
431,500,1
500,375,1
358,500,1
500,375,1
500,358,1
400,500,1
500,332,1
413,500,1
348,500,1
500,375,1
500,360,1
375,500,1
338,500,1
375,500,1
500,454,1
463,442,1
500,375,1
500,375,1
500,375,1
500,375,1
381,500,1
500,375,1
400,500,1
500,375,1
500,375,1
500,375,1
332,500,1
429,500,1
500,332,1
500,375,1
500,375,1
500,333,1
380,500,1
500,432,1
333,500,1
500,375,1
500,375,1
500,363,1
500,375,1
500,375,1
500,333,1
500,333,1
500,417,1
500,396,1
500,333,1
500,375,1
500,375,1
375,500,1
500,375,1
500,499,1
500,375,1
375,500,1
500,333,1
500,333,1
500,336,1
500,333,1
424,500,1
500,375,1
500,333,1
500,500,1
500,333,1
500,433,1
500,333,1
333,500,1
500,333,1
424,500,1
500,333,0
309,500,1
500,375,0
500,333,0
500,333,0
500,378,0
500,313,0
333,500,0
500,407,0
500,333,0
332,500,0
375,500,0
375,500,0
500,375,0
361,500,0
500,332,0
500,333,0
375,500,0
500,333,0
500,333,0
500,334,0
500,335,0
333,500,0
333,500,0
333,500,0
375,500,0
434,500,0
500,334,0
334,500,0
487,500,0
334,500,0
368,500,0
500,332,0
480,480,0
386,480,0
384,500,0
500,375,0
500,474,0
350,500,0
333,500,0
333,500,0
334,500,0
500,495,0
500,458,0
333,500,0
500,333,0
500,375,0
500,375,0
500,375,0
500,332,0
500,367,0
500,361,0
500,332,0
500,332,0
332,500,0
332,500,0
500,334,0
500,333,0
500,333,0
333,500,0
333,500,0
500,333,0
500,333,0
422,500,0
333,500,0
333,500,0
500,375,0
284,500,0
500,350,0
333,500,0
322,480,0
500,426,0
500,430,0
500,332,0
500,375,0
375,500,0
448,500,0
375,500,0
500,375,0
375,500,0
375,500,0
333,500,0
488,500,0
473,500,0
333,500,0
500,333,0
500,375,0
500,373,0
333,500,0
499,500,0
333,500,0
500,334,0
500,375,0
375,500,0
500,332,0
500,332,0
375,500,0
500,332,0
500,334,0
500,375,0
500,375,1
500,375,1
375,500,1
500,375,1
500,400,1
500,333,1
500,375,1
500,375,1
500,375,1
333,500,1
375,500,1
500,334,1
500,375,1
375,500,1
500,375,1
375,500,1
500,447,1
500,375,1
333,500,1
500,342,1
371,500,1
333,500,1
500,375,1
500,437,1
332,500,1
327,500,1
221,306,1
375,500,1
500,332,1
500,332,1
332,500,1
332,500,1
500,333,1
500,281,1
500,374,1
500,409,1
334,500,1
500,375,1
334,500,1
500,375,1
500,375,1
333,500,1
329,500,1
500,362,1
500,395,1
500,333,1
500,334,1
500,334,1
334,500,1
500,375,1
500,375,1
375,500,1
500,333,1
377,500,1
335,500,1
500,416,1
364,500,1
500,335,1
333,500,1
333,500,1
333,500,1
500,333,1
333,500,1
500,333,1
500,375,1
500,335,1
500,375,1
500,333,1
333,500,1
500,375,1
500,375,1
500,422,1
375,500,1
500,365,1
500,375,1
375,500,1
374,500,1
500,333,1
333,500,1
500,333,1
500,333,1
333,500,1
500,375,1
500,333,1
500,444,1
500,460,1
333,500,1
500,456,1
333,500,1
375,500,1
500,333,1
333,500,1
500,333,1
500,333,1
356,500,1
500,333,1
333,500,1
500,333,1
500,334,1
432,500,1
450,500,0
500,334,0
500,334,0
500,334,0
500,366,0
500,334,0
500,334,0
500,334,0
500,334,0
333,500,0
500,375,0
500,374,0
500,375,0
500,375,0
500,375,0
500,354,0
400,500,0
500,333,0
333,500,0
500,458,0
500,332,0
500,332,0
333,500,0
500,333,0
500,500,0
375,500,0
500,418,0
500,332,0
333,500,0
375,500,0
443,435,0
458,373,0
470,371,0
333,500,0
500,375,0
500,375,0
334,500,0
334,500,0
500,333,0
500,333,0
369,500,0
500,282,0
375,500,0
345,500,0
500,375,0
334,500,0
500,335,0
500,375,0
500,333,0
500,375,0
500,375,0
500,375,0
467,467,0
500,282,0
500,334,0
500,354,0
375,500,0
272,500,0
274,500,0
500,279,0
500,271,0
375,500,0
375,500,0
500,335,0
500,333,0
333,500,0
500,333,0
333,500,0
500,333,0
500,353,0
500,375,0
500,375,0
375,500,0
500,333,0
332,500,0
500,331,0
500,325,0
500,281,0
500,400,0
500,333,0
375,500,0
500,375,0
500,500,0
500,346,0
500,500,0
375,500,0
500,332,0
500,332,0
500,465,0
333,500,0
500,411,0
500,333,0
500,500,0
500,331,0
500,500,0
374,500,0
500,317,0
500,374,0
500,333,0
500,375,1
375,500,1
500,413,1
500,310,1
500,393,1
500,375,1
500,378,1
500,399,1
375,500,1
375,500,1
500,375,1
500,375,1
362,500,1
500,335,1
334,500,1
500,333,1
500,335,1
375,500,1
333,500,1
500,334,1
375,500,1
500,334,1
500,444,1
500,375,1
500,375,1
500,423,1
334,500,1
500,334,1
500,354,1
345,500,1
333,500,1
333,500,1
500,333,1
367,500,1
500,375,1
500,439,1
500,375,1
500,335,1
500,375,1
500,375,1
500,374,1
500,437,1
500,333,1
500,333,1
333,500,1
333,500,1
500,333,1
500,375,1
500,333,1
500,334,1
500,375,1
500,375,1
500,375,1
500,375,1
500,375,1
500,375,1
500,375,1
500,375,1
500,375,1
500,375,1
500,375,1
500,375,1
500,500,1
500,375,1
500,375,1
500,375,1
354,500,1
500,334,1
500,375,1
500,400,1
500,400,1
500,439,1
500,333,1
500,367,1
500,375,1
500,350,1
500,346,1
500,375,1
331,500,1
333,500,1
500,375,1
500,375,1
334,500,1
432,324,1
317,500,1
333,500,1
500,333,1
500,333,1
500,334,1
500,333,1
500,332,1
333,500,0
375,500,1
235,270,1
451,500,1
500,334,1
375,500,1
500,333,1
375,500,1
500,333,1
500,333,1
500,334,0
500,315,0
500,500,0
300,225,0
225,300,0
333,500,0
300,225,0
300,225,0
300,253,0
199,300,0
257,300,0
500,466,0
300,224,0
239,300,0
227,300,0
300,225,0
300,222,0
300,200,0
500,375,0
300,225,0
300,262,0
300,262,0
335,500,0
200,266,0
200,300,0
300,289,0
500,332,0
333,500,0
500,375,0
333,500,0
374,500,0
500,339,0
340,500,0
375,500,0
335,500,0
335,500,0
500,333,0
500,333,0
500,333,0
333,500,0
333,500,0
500,375,0
500,375,0
375,500,0
335,500,0
392,500,0
500,333,0
500,375,0
183,275,0
500,451,0
500,491,0
500,375,0
500,332,0
500,473,0
500,375,0
500,375,0
500,281,0
500,309,0
500,333,0
183,275,0
500,375,0
500,335,0
431,500,0
400,500,0
334,500,0
375,500,0
325,500,0
500,375,0
375,500,0
500,350,0
500,434,0
333,500,0
500,280,0
359,500,0
375,500,0
500,375,0
335,500,0
402,500,0
500,375,0
375,500,0
500,375,0
500,375,0
500,349,0
424,500,0
500,375,0
500,334,0
375,500,0
500,396,0
600,798,0
500,375,0
500,375,0
500,375,0
500,408,0
500,375,0
500,375,0
500,379,0
500,375,0
474,500,0
500,388,0
183,275,1
500,334,1
500,334,1
500,334,1
481,500,1
334,500,1
500,334,1
500,332,1
376,500,1
332,500,1
375,500,1
500,332,1
332,500,1
332,500,1
334,500,1
500,500,1
500,333,1
334,500,1
375,500,1
500,375,1
333,500,1
500,334,1
332,500,1
500,281,1
500,332,1
500,332,1
334,500,1
500,375,1
333,500,1
500,332,1
500,335,1
500,312,1
375,500,1
500,444,1
500,333,1
500,332,1
500,332,1
500,366,1
333,500,1
500,333,1
380,500,1
500,281,1
500,349,1
332,500,1
500,388,1
500,480,1
332,500,1
500,429,1
500,333,1
500,354,1
500,500,1
364,500,1
500,372,1
500,351,1
500,500,1
500,375,1
500,375,1
500,332,1
333,500,1
500,333,1
500,500,1
500,333,1
500,333,1
500,340,1
500,375,1
500,401,1
375,500,1
330,500,1
500,333,1
333,500,1
460,500,1
500,375,1
356,500,1
500,327,1
300,450,1
375,500,1
358,500,1
375,500,1
500,375,1
333,500,1
500,375,1
333,500,1
500,472,1
333,500,1
500,454,1
500,333,1
500,366,1
500,375,1
500,333,1
375,500,1
498,500,1
333,500,1
446,500,1
275,196,0
334,500,0
375,500,1
500,375,1
500,332,1
332,500,1
279,500,1
500,333,1
345,500,1
500,335,0
300,225,0
279,300,0
300,225,0
277,288,0
288,216,0
400,253,0
281,250,0
240,180,0
200,200,0
625,430,0
227,222,0
625,414,0
625,414,0
450,600,0
495,412,0
190,168,0
477,381,0
551,625,0
161,240,0
300,224,0
500,603,0
625,510,0
450,358,0
200,200,0
1024,768,0
399,428,0
250,201,0
440,321,0
1075,801,0
333,500,0
450,485,0
450,600,0
543,529,0
500,421,0
500,500,0
500,375,0
350,250,0
375,500,0
500,375,0
375,500,0
401,500,0
500,333,0
333,500,0
500,401,0
333,500,0
600,901,0
429,500,0
500,375,0
500,375,0
333,500,0
500,401,0
333,500,0
500,500,0
375,500,0
375,500,0
375,500,0
600,390,0
391,500,0
374,500,0
500,374,0
333,500,0
500,374,0
500,333,0
500,366,0
500,396,0
334,500,0
500,375,0
387,500,0
500,332,0
375,500,0
332,500,0
500,500,0
500,375,0
332,500,0
500,300,0
375,500,0
500,287,0
500,332,0
500,410,0
498,500,0
457,500,0
500,332,0
500,376,0
332,500,0
500,500,0
500,332,0
500,333,0
459,500,0
500,263,0
500,334,0
500,375,0
500,457,0
500,434,0
374,500,0
333,500,0
295,500,0
500,388,0
299,500,1
500,375,1
412,500,1
333,500,1
333,500,1
360,480,1
333,500,1
500,429,1
333,500,1
500,432,1
500,375,1
466,500,1
500,364,1
500,334,1
500,376,1
500,375,1
500,375,1
500,375,1
500,375,1
500,375,1
500,375,1
500,375,1
500,375,1
350,500,1
333,500,1
500,375,1
500,375,1
500,375,1
500,375,1
333,500,1
500,375,1
500,375,1
333,500,1
500,433,1
500,352,1
500,375,1
474,500,1
500,333,1
500,471,1
500,375,1
500,375,1
500,375,1
500,375,1
500,375,1
500,375,1
351,500,1
500,375,1
500,375,1
500,375,1
500,375,1
500,375,1
500,333,1
500,375,1
469,500,1
500,375,1
500,375,1
500,375,1
500,375,1
500,375,1
500,375,1
500,375,1
500,375,1
500,400,1
500,333,1
500,375,1
500,375,1
500,375,1
333,500,1
500,375,1
500,375,1
500,375,1
500,340,1
500,375,1
500,375,1
500,375,1
500,375,1
500,375,1
333,500,1
500,375,1
500,375,1
500,333,1
500,333,1
500,333,1
500,375,1
500,375,1
500,375,1
500,375,1
500,458,1
500,375,1
500,375,1
500,352,1
500,375,1
500,375,1
500,333,1
500,375,1
500,375,1
500,375,1
500,375,1
500,330,1
500,311,1
500,282,0
500,400,0
500,375,0
375,500,0
375,500,0
386,500,0
364,500,0
395,500,0
300,500,0
500,333,0
346,500,0
424,500,0
500,333,0
396,500,0
500,333,0
357,500,0
333,500,0
500,333,0
500,375,0
500,351,0
500,375,0
500,376,0
500,364,0
500,374,0
500,397,0
500,377,0
346,500,0
500,333,0
333,500,0
500,333,0
500,333,0
500,333,0
500,334,0
500,393,0
500,334,0
333,500,0
296,500,0
500,398,0
500,343,0
500,333,0
500,333,0
500,333,0
500,333,0
500,338,0
500,333,0
385,500,0
500,334,0
452,500,0
500,333,0
500,333,0
368,500,0
335,500,0
500,333,0
500,333,0
500,321,0
500,333,0
500,333,0
500,333,0
500,333,0
375,500,0
375,500,0
375,500,0
500,375,0
500,333,0
500,333,0
500,375,0
500,375,0
500,375,0
500,450,0
500,408,0
500,375,0
500,375,0
500,375,0
500,375,0
500,417,0
500,333,0
500,365,0
500,375,0
500,334,0
500,333,0
375,500,0
500,333,0
500,333,0
357,500,0
375,500,0
500,375,0
333,500,0
357,500,0
333,500,0
333,500,0
333,500,0
500,375,0
339,500,1
333,500,1
334,500,1
500,333,1
333,500,1
500,357,1
500,333,1
333,500,1
500,374,1
333,500,1
333,500,1
500,333,1
333,500,1
500,375,1
500,375,1
375,500,1
500,375,1
375,500,1
500,375,1
500,375,1
375,500,1
375,500,1
500,333,1
432,348,1
500,333,1
500,492,1
459,500,1
464,500,1
500,375,1
500,333,1
500,442,1
500,375,1
500,375,1
500,334,1
500,375,1
375,500,1
375,500,1
500,375,1
500,375,1
375,500,1
500,375,1
500,375,1
500,375,1
500,375,1
500,334,1
500,375,1
500,375,1
500,375,1
375,500,1
500,375,1
500,375,1
500,333,1
333,500,1
500,333,1
333,500,1
500,400,1
500,375,1
375,500,1
500,375,1
500,375,1
500,375,1
500,375,1
500,375,1
500,375,1
500,375,1
500,375,1
500,332,1
500,375,1
500,375,1
500,375,1
375,500,1
500,375,1
375,500,1
500,375,1
500,375,1
500,330,1
500,330,1
500,332,1
500,330,1
500,330,1
330,500,1
330,500,1
375,500,1
500,330,1
500,330,1
500,330,1
500,330,1
500,330,1
332,500,1
500,330,1
500,330,1
330,500,1
500,330,1
330,500,1
500,330,1
500,330,1
500,330,1
500,330,1
500,333,1
500,333,0
500,330,1
500,330,0
330,500,0
500,330,0
500,330,0
500,330,0
500,330,0
500,330,0
488,500,0
500,332,0
500,375,0
333,500,0
500,332,0
500,375,0
500,333,0
333,500,0
500,332,0
332,500,0
500,332,0
500,423,0
500,331,0
333,500,0
500,313,0
500,376,0
500,333,0
500,333,0
500,375,0
500,333,0
500,333,0
333,500,0
334,500,0
366,500,0
500,333,0
375,500,0
334,500,0
375,500,0
500,375,0
323,500,0
500,375,0
500,375,0
500,329,0
500,375,0
500,333,0
428,432,0
500,413,0
500,333,0
500,412,0
281,500,0
500,331,0
374,500,0
500,334,0
500,334,0
500,375,0
500,333,0
500,359,0
500,333,0
500,375,0
500,453,0
500,333,0
500,376,0
333,500,0
500,333,0
500,332,0
500,333,0
500,333,0
500,333,0
366,500,0
500,333,0
500,333,0
500,333,0
500,333,0
432,324,0
378,500,0
333,500,0
333,500,0
500,375,0
375,500,0
500,433,0
375,500,0
375,500,0
500,368,0
500,375,0
500,375,0
375,500,0
500,334,0
500,375,0
375,500,0
374,500,0
333,500,0
500,379,0
387,500,0
500,334,0
500,375,0
500,333,0
500,387,0
500,333,0
500,368,0
500,371,0
374,500,0
500,334,0
333,500,1
500,375,1
500,375,1
385,500,1
326,500,1
500,332,1
500,333,1
500,500,1
333,500,1
478,500,1
500,471,1
499,373,1
378,500,1
333,500,1
483,500,1
237,237,1
300,225,1
225,300,1
300,247,1
300,225,1
240,300,1
300,199,1
500,375,1
133,200,1
225,300,1
300,245,1
300,225,1
300,225,1
200,150,1
206,300,1
251,300,1
300,225,1
300,225,1
500,375,1
173,200,1
300,191,1
300,225,1
300,225,1
300,224,1
300,225,1
300,225,1
300,225,1
300,211,1
300,200,1
356,500,1
300,187,1
214,300,1
300,225,1
220,300,1
163,300,1
300,225,1
300,225,1
225,300,1
300,225,1
300,225,1
480,500,1
300,199,1
300,225,1
300,201,1
300,183,1
300,226,1
300,225,1
300,225,1
300,242,1
300,225,1
500,375,1
500,375,1
500,382,1
500,333,1
500,375,1
500,375,1
500,375,1
500,375,1
500,375,1
354,500,1
397,500,1
500,333,1
500,332,1
500,333,1
500,375,1
500,375,1
500,375,1
500,375,1
500,375,1
500,375,1
375,500,1
375,500,1
500,375,1
500,375,1
375,500,1
375,500,1
500,375,1
375,500,1
375,500,1
375,500,1
500,375,1
500,334,1
500,334,1
500,334,1
334,500,0
406,500,1
333,500,0
500,375,0
500,375,0
375,500,0
500,334,0
500,334,0
500,375,0
500,375,0
500,375,0
334,500,0
500,375,0
500,375,0
500,375,0
500,335,0
375,500,0
446,500,0
500,375,0
334,500,0
345,500,0
500,409,0
500,491,0
334,500,0
500,361,0
333,500,0
500,375,0
500,337,0
500,333,0
500,333,0
500,375,0
500,333,0
500,333,0
375,500,0
500,375,0
500,375,0
500,333,0
500,377,0
359,500,0
500,334,0
334,500,0
334,500,0
340,500,0
500,335,0
500,333,0
500,375,0
500,441,0
500,420,0
500,374,0
375,500,0
332,500,0
500,332,0
500,375,0
500,332,0
500,375,0
500,434,0
500,333,0
500,332,0
500,375,0
500,375,0
333,500,0
500,333,0
500,375,0
500,332,0
500,334,0
500,375,0
375,500,0
500,294,0
500,375,0
500,375,0
500,357,0
357,500,0
333,500,0
500,332,0
444,500,0
376,500,0
500,400,0
500,335,0
489,500,0
500,375,0
500,375,0
500,325,0
333,500,0
500,375,0
500,334,0
500,375,0
500,333,0
500,335,0
500,333,0
500,375,0
333,500,0
500,500,0
500,375,0
282,500,0
333,500,0
500,332,0
500,335,0
335,500,0
500,375,0
500,358,0
